feature,importance,coefficient,type
feature_1002,0.30730631212701165,0.30730631212701165,abs_coefficient
feature_4764,0.23482996232044248,0.23482996232044248,abs_coefficient
feature_6333,0.23158159236295728,0.23158159236295728,abs_coefficient
feature_0419,0.2142949632328363,0.2142949632328363,abs_coefficient
feature_2626,0.19608572304008598,0.19608572304008598,abs_coefficient
feature_4858,0.19572945006382472,0.19572945006382472,abs_coefficient
feature_0124,0.19154096611481908,-0.19154096611481908,abs_coefficient
feature_0659,0.18925883857417553,-0.18925883857417553,abs_coefficient
feature_2446,0.18885446618397222,0.18885446618397222,abs_coefficient
feature_3136,0.17773402297413174,0.17773402297413174,abs_coefficient
feature_4904,0.16874440047849595,0.16874440047849595,abs_coefficient
feature_0456,0.15760948280072604,0.15760948280072604,abs_coefficient
feature_6568,0.1545847067266094,0.1545847067266094,abs_coefficient
feature_2762,0.14975311502769498,-0.14975311502769498,abs_coefficient
feature_6105,0.1486366070907089,0.1486366070907089,abs_coefficient
feature_5675,0.14154754636941652,-0.14154754636941652,abs_coefficient
feature_2063,0.13874265228001434,0.13874265228001434,abs_coefficient
feature_3477,0.1376857172627347,0.1376857172627347,abs_coefficient
feature_1778,0.12024845616648872,0.12024845616648872,abs_coefficient
feature_6104,0.11820605048935065,0.11820605048935065,abs_coefficient
feature_0071,0.1160625982065472,0.1160625982065472,abs_coefficient
feature_3549,0.108794746739117,0.108794746739117,abs_coefficient
feature_2761,0.10742458863860324,0.10742458863860324,abs_coefficient
feature_5685,0.10662510354582909,-0.10662510354582909,abs_coefficient
feature_6156,0.10602020775395059,0.10602020775395059,abs_coefficient
feature_4251,0.10276074193926243,0.10276074193926243,abs_coefficient
feature_2960,0.10157644507941514,0.10157644507941514,abs_coefficient
feature_1409,0.09980933317072949,-0.09980933317072949,abs_coefficient
feature_1542,0.09544866639768497,0.09544866639768497,abs_coefficient
feature_3407,0.09091736642681243,-0.09091736642681243,abs_coefficient
feature_1399,0.09007765453447596,0.09007765453447596,abs_coefficient
feature_1065,0.08579863373873703,0.08579863373873703,abs_coefficient
feature_1453,0.08367302853485546,0.08367302853485546,abs_coefficient
feature_5654,0.08249683085638182,-0.08249683085638182,abs_coefficient
feature_0595,0.08107820391089847,0.08107820391089847,abs_coefficient
feature_0112,0.08092604919651288,-0.08092604919651288,abs_coefficient
feature_3800,0.08084124991058925,0.08084124991058925,abs_coefficient
feature_1705,0.08026658702334323,-0.08026658702334323,abs_coefficient
feature_2840,0.0796460451645102,-0.0796460451645102,abs_coefficient
feature_5423,0.07842913255012648,0.07842913255012648,abs_coefficient
feature_3251,0.0781171916614717,0.0781171916614717,abs_coefficient
feature_6419,0.07387376600794604,-0.07387376600794604,abs_coefficient
feature_4371,0.07340468338687993,-0.07340468338687993,abs_coefficient
feature_2166,0.07303880024031253,-0.07303880024031253,abs_coefficient
feature_1139,0.07289184552028902,-0.07289184552028902,abs_coefficient
feature_2569,0.07220141904709652,0.07220141904709652,abs_coefficient
feature_0858,0.06970321922461056,0.06970321922461056,abs_coefficient
feature_0368,0.06864302985472817,-0.06864302985472817,abs_coefficient
feature_2831,0.06717746070350678,-0.06717746070350678,abs_coefficient
feature_6587,0.06716799236587678,0.06716799236587678,abs_coefficient
feature_0054,0.06578377893661108,0.06578377893661108,abs_coefficient
feature_5201,0.06395408519983728,-0.06395408519983728,abs_coefficient
feature_2225,0.06381029768503638,-0.06381029768503638,abs_coefficient
feature_5848,0.0635117836579534,-0.0635117836579534,abs_coefficient
feature_1311,0.06235120465313784,0.06235120465313784,abs_coefficient
feature_5493,0.061330503791369013,0.061330503791369013,abs_coefficient
feature_3433,0.06018107987793839,0.06018107987793839,abs_coefficient
feature_0362,0.06015568912767348,-0.06015568912767348,abs_coefficient
feature_3113,0.059046668871471183,0.059046668871471183,abs_coefficient
feature_0382,0.05844927152388062,-0.05844927152388062,abs_coefficient
feature_4094,0.05795671162133475,0.05795671162133475,abs_coefficient
feature_5854,0.05675726868653384,-0.05675726868653384,abs_coefficient
feature_5381,0.056665893935327775,0.056665893935327775,abs_coefficient
feature_1548,0.05587891213986967,0.05587891213986967,abs_coefficient
feature_1572,0.05531390555456246,0.05531390555456246,abs_coefficient
feature_1242,0.055041154001668716,0.055041154001668716,abs_coefficient
feature_5284,0.05426891671076972,-0.05426891671076972,abs_coefficient
feature_4196,0.05345802750478137,0.05345802750478137,abs_coefficient
feature_5964,0.051519909317740135,-0.051519909317740135,abs_coefficient
feature_4444,0.05066076477822144,0.05066076477822144,abs_coefficient
feature_5793,0.04982378053481411,0.04982378053481411,abs_coefficient
feature_3635,0.049695516264543896,-0.049695516264543896,abs_coefficient
feature_3750,0.04590853914210603,0.04590853914210603,abs_coefficient
feature_1783,0.045380728155265004,-0.045380728155265004,abs_coefficient
feature_4739,0.04018952592583276,-0.04018952592583276,abs_coefficient
feature_0759,0.04012391166431155,-0.04012391166431155,abs_coefficient
feature_2116,0.03938814141829214,-0.03938814141829214,abs_coefficient
feature_0876,0.038485090403985414,-0.038485090403985414,abs_coefficient
feature_2221,0.03825308037186849,0.03825308037186849,abs_coefficient
feature_5962,0.03754147347197656,-0.03754147347197656,abs_coefficient
feature_3065,0.03716161515911923,0.03716161515911923,abs_coefficient
feature_2603,0.03687491750153475,-0.03687491750153475,abs_coefficient
feature_6542,0.03650274014335965,0.03650274014335965,abs_coefficient
feature_3038,0.03584913816492416,-0.03584913816492416,abs_coefficient
feature_0911,0.03474851103599204,0.03474851103599204,abs_coefficient
feature_5945,0.03467458649917659,-0.03467458649917659,abs_coefficient
feature_5321,0.033159086222918036,0.033159086222918036,abs_coefficient
feature_6148,0.03308490786443707,-0.03308490786443707,abs_coefficient
feature_5184,0.03299018411556774,0.03299018411556774,abs_coefficient
feature_1229,0.03264661655516108,0.03264661655516108,abs_coefficient
feature_0221,0.03239376499538229,0.03239376499538229,abs_coefficient
feature_1067,0.030421260314500844,-0.030421260314500844,abs_coefficient
feature_5773,0.029194046233546194,0.029194046233546194,abs_coefficient
feature_5501,0.02861907949100978,-0.02861907949100978,abs_coefficient
feature_1784,0.027490417577146455,-0.027490417577146455,abs_coefficient
feature_0789,0.027417036002311303,0.027417036002311303,abs_coefficient
feature_5358,0.02733205356536018,0.02733205356536018,abs_coefficient
feature_3865,0.02457006139441618,-0.02457006139441618,abs_coefficient
feature_1648,0.024321384233489042,0.024321384233489042,abs_coefficient
feature_2868,0.02409557969422201,-0.02409557969422201,abs_coefficient
feature_0958,0.02396636948404702,-0.02396636948404702,abs_coefficient
feature_4250,0.02207416026485554,-0.02207416026485554,abs_coefficient
feature_0726,0.02182573798664761,0.02182573798664761,abs_coefficient
feature_1017,0.02160083717526196,-0.02160083717526196,abs_coefficient
feature_4964,0.02094803020526646,-0.02094803020526646,abs_coefficient
feature_6198,0.019741064835079904,0.019741064835079904,abs_coefficient
feature_3419,0.019530748777057624,0.019530748777057624,abs_coefficient
feature_5979,0.019070832265563893,-0.019070832265563893,abs_coefficient
feature_1732,0.01906432545213875,0.01906432545213875,abs_coefficient
feature_3669,0.01845905961119444,-0.01845905961119444,abs_coefficient
feature_1024,0.01822119626026841,0.01822119626026841,abs_coefficient
feature_0926,0.016920951226878585,0.016920951226878585,abs_coefficient
feature_6353,0.016346193923661323,0.016346193923661323,abs_coefficient
feature_5880,0.014219630114257243,0.014219630114257243,abs_coefficient
feature_4767,0.01419796042619856,0.01419796042619856,abs_coefficient
feature_4394,0.013598900987403134,0.013598900987403134,abs_coefficient
feature_2725,0.012504824599777137,0.012504824599777137,abs_coefficient
feature_3916,0.011838753514437557,0.011838753514437557,abs_coefficient
feature_6235,0.01175437227746125,-0.01175437227746125,abs_coefficient
feature_2864,0.011575754198826942,0.011575754198826942,abs_coefficient
feature_2245,0.011425775204079851,0.011425775204079851,abs_coefficient
feature_4390,0.010889573298862682,-0.010889573298862682,abs_coefficient
feature_0829,0.010760033124870646,-0.010760033124870646,abs_coefficient
feature_2034,0.010469013541200731,0.010469013541200731,abs_coefficient
feature_0244,0.008900694150164739,0.008900694150164739,abs_coefficient
feature_4184,0.008466535361158344,0.008466535361158344,abs_coefficient
feature_1435,0.008372793792284056,0.008372793792284056,abs_coefficient
feature_4826,0.007338788594841977,0.007338788594841977,abs_coefficient
feature_5453,0.006941464239738241,0.006941464239738241,abs_coefficient
feature_4607,0.005949052103068541,-0.005949052103068541,abs_coefficient
feature_6319,0.005604262837840441,0.005604262837840441,abs_coefficient
feature_4215,0.005238594602006604,-0.005238594602006604,abs_coefficient
feature_4229,0.0035659697324785097,-0.0035659697324785097,abs_coefficient
feature_3716,0.003423639295245896,-0.003423639295245896,abs_coefficient
feature_1505,0.0032304101427363618,-0.0032304101427363618,abs_coefficient
feature_2447,0.0016888834593176475,-0.0016888834593176475,abs_coefficient
feature_2888,0.0013360510759680413,0.0013360510759680413,abs_coefficient
feature_3313,0.0008312395574341298,-0.0008312395574341298,abs_coefficient
feature_4533,0.0005402781122222925,-0.0005402781122222925,abs_coefficient
feature_4391,0.0,0.0,abs_coefficient
feature_4388,0.0,0.0,abs_coefficient
feature_4399,0.0,0.0,abs_coefficient
feature_4415,0.0,0.0,abs_coefficient
feature_4416,0.0,0.0,abs_coefficient
feature_4417,0.0,0.0,abs_coefficient
feature_4418,0.0,0.0,abs_coefficient
feature_4380,0.0,0.0,abs_coefficient
feature_4398,0.0,0.0,abs_coefficient
feature_4419,0.0,0.0,abs_coefficient
feature_4397,0.0,0.0,abs_coefficient
feature_4420,0.0,0.0,abs_coefficient
feature_4395,0.0,0.0,abs_coefficient
feature_4382,0.0,0.0,abs_coefficient
feature_4421,0.0,0.0,abs_coefficient
feature_4422,0.0,0.0,abs_coefficient
feature_4374,0.0,0.0,abs_coefficient
feature_4379,0.0,0.0,abs_coefficient
feature_4393,0.0,0.0,abs_coefficient
feature_4392,0.0,0.0,abs_coefficient
feature_4389,0.0,0.0,abs_coefficient
feature_4423,0.0,0.0,abs_coefficient
feature_4396,0.0,0.0,abs_coefficient
feature_4407,0.0,0.0,abs_coefficient
feature_4386,0.0,0.0,abs_coefficient
feature_4408,0.0,0.0,abs_coefficient
feature_4409,0.0,0.0,abs_coefficient
feature_4385,0.0,0.0,abs_coefficient
feature_4410,0.0,0.0,abs_coefficient
feature_4406,0.0,0.0,abs_coefficient
feature_4384,0.0,0.0,abs_coefficient
feature_4405,0.0,0.0,abs_coefficient
feature_4404,0.0,0.0,abs_coefficient
feature_4411,0.0,0.0,abs_coefficient
feature_4378,0.0,0.0,abs_coefficient
feature_4412,0.0,0.0,abs_coefficient
feature_4376,0.0,0.0,abs_coefficient
feature_4403,0.0,0.0,abs_coefficient
feature_4375,0.0,0.0,abs_coefficient
feature_4413,0.0,0.0,abs_coefficient
feature_4414,0.0,0.0,abs_coefficient
feature_4402,0.0,0.0,abs_coefficient
feature_4383,0.0,0.0,abs_coefficient
feature_4381,0.0,0.0,abs_coefficient
feature_4401,0.0,0.0,abs_coefficient
feature_4400,0.0,0.0,abs_coefficient
feature_4377,0.0,0.0,abs_coefficient
feature_4387,0.0,0.0,abs_coefficient
feature_4490,0.0,0.0,abs_coefficient
feature_4489,0.0,0.0,abs_coefficient
feature_4488,0.0,0.0,abs_coefficient
feature_4487,0.0,0.0,abs_coefficient
feature_4486,0.0,0.0,abs_coefficient
feature_4485,0.0,0.0,abs_coefficient
feature_4484,0.0,0.0,abs_coefficient
feature_4483,0.0,0.0,abs_coefficient
feature_4482,0.0,0.0,abs_coefficient
feature_4481,0.0,0.0,abs_coefficient
feature_4447,0.0,0.0,abs_coefficient
feature_4479,0.0,0.0,abs_coefficient
feature_4478,0.0,0.0,abs_coefficient
feature_4477,0.0,0.0,abs_coefficient
feature_4476,0.0,0.0,abs_coefficient
feature_4475,0.0,0.0,abs_coefficient
feature_4474,0.0,0.0,abs_coefficient
feature_4473,0.0,0.0,abs_coefficient
feature_4472,0.0,0.0,abs_coefficient
feature_4471,0.0,0.0,abs_coefficient
feature_4470,0.0,0.0,abs_coefficient
feature_4480,0.0,0.0,abs_coefficient
feature_4513,0.0,0.0,abs_coefficient
feature_4512,0.0,0.0,abs_coefficient
feature_4511,0.0,0.0,abs_coefficient
feature_4510,0.0,0.0,abs_coefficient
feature_4509,0.0,0.0,abs_coefficient
feature_4508,0.0,0.0,abs_coefficient
feature_4507,0.0,0.0,abs_coefficient
feature_4506,0.0,0.0,abs_coefficient
feature_4505,0.0,0.0,abs_coefficient
feature_4504,0.0,0.0,abs_coefficient
feature_4491,0.0,0.0,abs_coefficient
feature_4502,0.0,0.0,abs_coefficient
feature_4501,0.0,0.0,abs_coefficient
feature_4500,0.0,0.0,abs_coefficient
feature_4499,0.0,0.0,abs_coefficient
feature_4498,0.0,0.0,abs_coefficient
feature_4497,0.0,0.0,abs_coefficient
feature_4496,0.0,0.0,abs_coefficient
feature_4495,0.0,0.0,abs_coefficient
feature_4494,0.0,0.0,abs_coefficient
feature_4493,0.0,0.0,abs_coefficient
feature_4492,0.0,0.0,abs_coefficient
feature_4503,0.0,0.0,abs_coefficient
feature_4445,0.0,0.0,abs_coefficient
feature_4443,0.0,0.0,abs_coefficient
feature_4442,0.0,0.0,abs_coefficient
feature_4441,0.0,0.0,abs_coefficient
feature_4440,0.0,0.0,abs_coefficient
feature_4439,0.0,0.0,abs_coefficient
feature_4438,0.0,0.0,abs_coefficient
feature_4437,0.0,0.0,abs_coefficient
feature_4436,0.0,0.0,abs_coefficient
feature_4435,0.0,0.0,abs_coefficient
feature_4469,0.0,0.0,abs_coefficient
feature_4433,0.0,0.0,abs_coefficient
feature_4432,0.0,0.0,abs_coefficient
feature_4431,0.0,0.0,abs_coefficient
feature_4430,0.0,0.0,abs_coefficient
feature_4429,0.0,0.0,abs_coefficient
feature_4428,0.0,0.0,abs_coefficient
feature_4427,0.0,0.0,abs_coefficient
feature_4426,0.0,0.0,abs_coefficient
feature_4425,0.0,0.0,abs_coefficient
feature_4424,0.0,0.0,abs_coefficient
feature_4434,0.0,0.0,abs_coefficient
feature_4468,0.0,0.0,abs_coefficient
feature_4467,0.0,0.0,abs_coefficient
feature_4466,0.0,0.0,abs_coefficient
feature_4465,0.0,0.0,abs_coefficient
feature_4464,0.0,0.0,abs_coefficient
feature_4463,0.0,0.0,abs_coefficient
feature_4462,0.0,0.0,abs_coefficient
feature_4461,0.0,0.0,abs_coefficient
feature_4460,0.0,0.0,abs_coefficient
feature_4459,0.0,0.0,abs_coefficient
feature_4446,0.0,0.0,abs_coefficient
feature_4457,0.0,0.0,abs_coefficient
feature_4456,0.0,0.0,abs_coefficient
feature_4455,0.0,0.0,abs_coefficient
feature_4454,0.0,0.0,abs_coefficient
feature_4453,0.0,0.0,abs_coefficient
feature_4452,0.0,0.0,abs_coefficient
feature_4451,0.0,0.0,abs_coefficient
feature_4450,0.0,0.0,abs_coefficient
feature_4449,0.0,0.0,abs_coefficient
feature_4448,0.0,0.0,abs_coefficient
feature_4373,0.0,0.0,abs_coefficient
feature_4458,0.0,0.0,abs_coefficient
feature_4243,0.0,0.0,abs_coefficient
feature_4242,0.0,0.0,abs_coefficient
feature_4241,0.0,0.0,abs_coefficient
feature_4240,0.0,0.0,abs_coefficient
feature_4239,0.0,0.0,abs_coefficient
feature_4238,0.0,0.0,abs_coefficient
feature_4237,0.0,0.0,abs_coefficient
feature_4236,0.0,0.0,abs_coefficient
feature_4235,0.0,0.0,abs_coefficient
feature_4234,0.0,0.0,abs_coefficient
feature_4233,0.0,0.0,abs_coefficient
feature_4341,0.0,0.0,abs_coefficient
feature_4231,0.0,0.0,abs_coefficient
feature_4230,0.0,0.0,abs_coefficient
feature_4228,0.0,0.0,abs_coefficient
feature_4227,0.0,0.0,abs_coefficient
feature_4226,0.0,0.0,abs_coefficient
feature_4225,0.0,0.0,abs_coefficient
feature_4224,0.0,0.0,abs_coefficient
feature_4223,0.0,0.0,abs_coefficient
feature_4222,0.0,0.0,abs_coefficient
feature_4221,0.0,0.0,abs_coefficient
feature_4220,0.0,0.0,abs_coefficient
feature_4219,0.0,0.0,abs_coefficient
feature_4232,0.0,0.0,abs_coefficient
feature_4270,0.0,0.0,abs_coefficient
feature_4269,0.0,0.0,abs_coefficient
feature_4268,0.0,0.0,abs_coefficient
feature_4267,0.0,0.0,abs_coefficient
feature_4266,0.0,0.0,abs_coefficient
feature_4265,0.0,0.0,abs_coefficient
feature_4264,0.0,0.0,abs_coefficient
feature_4263,0.0,0.0,abs_coefficient
feature_4262,0.0,0.0,abs_coefficient
feature_4261,0.0,0.0,abs_coefficient
feature_4260,0.0,0.0,abs_coefficient
feature_4244,0.0,0.0,abs_coefficient
feature_4258,0.0,0.0,abs_coefficient
feature_4257,0.0,0.0,abs_coefficient
feature_4256,0.0,0.0,abs_coefficient
feature_4255,0.0,0.0,abs_coefficient
feature_4254,0.0,0.0,abs_coefficient
feature_4253,0.0,0.0,abs_coefficient
feature_4252,0.0,0.0,abs_coefficient
feature_4249,0.0,0.0,abs_coefficient
feature_4248,0.0,0.0,abs_coefficient
feature_4247,0.0,0.0,abs_coefficient
feature_4246,0.0,0.0,abs_coefficient
feature_4245,0.0,0.0,abs_coefficient
feature_4259,0.0,0.0,abs_coefficient
feature_4189,0.0,0.0,abs_coefficient
feature_4188,0.0,0.0,abs_coefficient
feature_4187,0.0,0.0,abs_coefficient
feature_4186,0.0,0.0,abs_coefficient
feature_4185,0.0,0.0,abs_coefficient
feature_4183,0.0,0.0,abs_coefficient
feature_4182,0.0,0.0,abs_coefficient
feature_4181,0.0,0.0,abs_coefficient
feature_4180,0.0,0.0,abs_coefficient
feature_4179,0.0,0.0,abs_coefficient
feature_4178,0.0,0.0,abs_coefficient
feature_4218,0.0,0.0,abs_coefficient
feature_4176,0.0,0.0,abs_coefficient
feature_4175,0.0,0.0,abs_coefficient
feature_4174,0.0,0.0,abs_coefficient
feature_4173,0.0,0.0,abs_coefficient
feature_4172,0.0,0.0,abs_coefficient
feature_4171,0.0,0.0,abs_coefficient
feature_4170,0.0,0.0,abs_coefficient
feature_4169,0.0,0.0,abs_coefficient
feature_4168,0.0,0.0,abs_coefficient
feature_4167,0.0,0.0,abs_coefficient
feature_4166,0.0,0.0,abs_coefficient
feature_4165,0.0,0.0,abs_coefficient
feature_4177,0.0,0.0,abs_coefficient
feature_4217,0.0,0.0,abs_coefficient
feature_4216,0.0,0.0,abs_coefficient
feature_4214,0.0,0.0,abs_coefficient
feature_4213,0.0,0.0,abs_coefficient
feature_4212,0.0,0.0,abs_coefficient
feature_4211,0.0,0.0,abs_coefficient
feature_4210,0.0,0.0,abs_coefficient
feature_4209,0.0,0.0,abs_coefficient
feature_4208,0.0,0.0,abs_coefficient
feature_4207,0.0,0.0,abs_coefficient
feature_4206,0.0,0.0,abs_coefficient
feature_4205,0.0,0.0,abs_coefficient
feature_4190,0.0,0.0,abs_coefficient
feature_4203,0.0,0.0,abs_coefficient
feature_4202,0.0,0.0,abs_coefficient
feature_4201,0.0,0.0,abs_coefficient
feature_4200,0.0,0.0,abs_coefficient
feature_4199,0.0,0.0,abs_coefficient
feature_4198,0.0,0.0,abs_coefficient
feature_4197,0.0,0.0,abs_coefficient
feature_4195,0.0,0.0,abs_coefficient
feature_4194,0.0,0.0,abs_coefficient
feature_4193,0.0,0.0,abs_coefficient
feature_4192,0.0,0.0,abs_coefficient
feature_4191,0.0,0.0,abs_coefficient
feature_4204,0.0,0.0,abs_coefficient
feature_4346,0.0,0.0,abs_coefficient
feature_4345,0.0,0.0,abs_coefficient
feature_4344,0.0,0.0,abs_coefficient
feature_4343,0.0,0.0,abs_coefficient
feature_4342,0.0,0.0,abs_coefficient
feature_4514,0.0,0.0,abs_coefficient
feature_4340,0.0,0.0,abs_coefficient
feature_4339,0.0,0.0,abs_coefficient
feature_4338,0.0,0.0,abs_coefficient
feature_4337,0.0,0.0,abs_coefficient
feature_4336,0.0,0.0,abs_coefficient
feature_4271,0.0,0.0,abs_coefficient
feature_4334,0.0,0.0,abs_coefficient
feature_4333,0.0,0.0,abs_coefficient
feature_4332,0.0,0.0,abs_coefficient
feature_4331,0.0,0.0,abs_coefficient
feature_4330,0.0,0.0,abs_coefficient
feature_4329,0.0,0.0,abs_coefficient
feature_4328,0.0,0.0,abs_coefficient
feature_4327,0.0,0.0,abs_coefficient
feature_4326,0.0,0.0,abs_coefficient
feature_4325,0.0,0.0,abs_coefficient
feature_4324,0.0,0.0,abs_coefficient
feature_4323,0.0,0.0,abs_coefficient
feature_4335,0.0,0.0,abs_coefficient
feature_4372,0.0,0.0,abs_coefficient
feature_4370,0.0,0.0,abs_coefficient
feature_4369,0.0,0.0,abs_coefficient
feature_4368,0.0,0.0,abs_coefficient
feature_4367,0.0,0.0,abs_coefficient
feature_4366,0.0,0.0,abs_coefficient
feature_4365,0.0,0.0,abs_coefficient
feature_4364,0.0,0.0,abs_coefficient
feature_4363,0.0,0.0,abs_coefficient
feature_4362,0.0,0.0,abs_coefficient
feature_4361,0.0,0.0,abs_coefficient
feature_4347,0.0,0.0,abs_coefficient
feature_4359,0.0,0.0,abs_coefficient
feature_4358,0.0,0.0,abs_coefficient
feature_4357,0.0,0.0,abs_coefficient
feature_4356,0.0,0.0,abs_coefficient
feature_4355,0.0,0.0,abs_coefficient
feature_4354,0.0,0.0,abs_coefficient
feature_4353,0.0,0.0,abs_coefficient
feature_4352,0.0,0.0,abs_coefficient
feature_4351,0.0,0.0,abs_coefficient
feature_4350,0.0,0.0,abs_coefficient
feature_4349,0.0,0.0,abs_coefficient
feature_4348,0.0,0.0,abs_coefficient
feature_4360,0.0,0.0,abs_coefficient
feature_4295,0.0,0.0,abs_coefficient
feature_4294,0.0,0.0,abs_coefficient
feature_4293,0.0,0.0,abs_coefficient
feature_4292,0.0,0.0,abs_coefficient
feature_4291,0.0,0.0,abs_coefficient
feature_4290,0.0,0.0,abs_coefficient
feature_4289,0.0,0.0,abs_coefficient
feature_4288,0.0,0.0,abs_coefficient
feature_4287,0.0,0.0,abs_coefficient
feature_4286,0.0,0.0,abs_coefficient
feature_4285,0.0,0.0,abs_coefficient
feature_4322,0.0,0.0,abs_coefficient
feature_4283,0.0,0.0,abs_coefficient
feature_4282,0.0,0.0,abs_coefficient
feature_4281,0.0,0.0,abs_coefficient
feature_4280,0.0,0.0,abs_coefficient
feature_4279,0.0,0.0,abs_coefficient
feature_4278,0.0,0.0,abs_coefficient
feature_4277,0.0,0.0,abs_coefficient
feature_4276,0.0,0.0,abs_coefficient
feature_4275,0.0,0.0,abs_coefficient
feature_4274,0.0,0.0,abs_coefficient
feature_4273,0.0,0.0,abs_coefficient
feature_4272,0.0,0.0,abs_coefficient
feature_4284,0.0,0.0,abs_coefficient
feature_4321,0.0,0.0,abs_coefficient
feature_4320,0.0,0.0,abs_coefficient
feature_4319,0.0,0.0,abs_coefficient
feature_4318,0.0,0.0,abs_coefficient
feature_4317,0.0,0.0,abs_coefficient
feature_4316,0.0,0.0,abs_coefficient
feature_4315,0.0,0.0,abs_coefficient
feature_4314,0.0,0.0,abs_coefficient
feature_4313,0.0,0.0,abs_coefficient
feature_4312,0.0,0.0,abs_coefficient
feature_4311,0.0,0.0,abs_coefficient
feature_4310,0.0,0.0,abs_coefficient
feature_4296,0.0,0.0,abs_coefficient
feature_4308,0.0,0.0,abs_coefficient
feature_4307,0.0,0.0,abs_coefficient
feature_4306,0.0,0.0,abs_coefficient
feature_4305,0.0,0.0,abs_coefficient
feature_4304,0.0,0.0,abs_coefficient
feature_4303,0.0,0.0,abs_coefficient
feature_4302,0.0,0.0,abs_coefficient
feature_4301,0.0,0.0,abs_coefficient
feature_4300,0.0,0.0,abs_coefficient
feature_4299,0.0,0.0,abs_coefficient
feature_4298,0.0,0.0,abs_coefficient
feature_4297,0.0,0.0,abs_coefficient
feature_4309,0.0,0.0,abs_coefficient
feature_4799,0.0,0.0,abs_coefficient
feature_4798,0.0,0.0,abs_coefficient
feature_4797,0.0,0.0,abs_coefficient
feature_4796,0.0,0.0,abs_coefficient
feature_4795,0.0,0.0,abs_coefficient
feature_4794,0.0,0.0,abs_coefficient
feature_4793,0.0,0.0,abs_coefficient
feature_4792,0.0,0.0,abs_coefficient
feature_4791,0.0,0.0,abs_coefficient
feature_4790,0.0,0.0,abs_coefficient
feature_4789,0.0,0.0,abs_coefficient
feature_4543,0.0,0.0,abs_coefficient
feature_4787,0.0,0.0,abs_coefficient
feature_4786,0.0,0.0,abs_coefficient
feature_4785,0.0,0.0,abs_coefficient
feature_4784,0.0,0.0,abs_coefficient
feature_4783,0.0,0.0,abs_coefficient
feature_4782,0.0,0.0,abs_coefficient
feature_4781,0.0,0.0,abs_coefficient
feature_4780,0.0,0.0,abs_coefficient
feature_4779,0.0,0.0,abs_coefficient
feature_4778,0.0,0.0,abs_coefficient
feature_4777,0.0,0.0,abs_coefficient
feature_4776,0.0,0.0,abs_coefficient
feature_4788,0.0,0.0,abs_coefficient
feature_4825,0.0,0.0,abs_coefficient
feature_4824,0.0,0.0,abs_coefficient
feature_4823,0.0,0.0,abs_coefficient
feature_4822,0.0,0.0,abs_coefficient
feature_4821,0.0,0.0,abs_coefficient
feature_4820,0.0,0.0,abs_coefficient
feature_4819,0.0,0.0,abs_coefficient
feature_4818,0.0,0.0,abs_coefficient
feature_4817,0.0,0.0,abs_coefficient
feature_4816,0.0,0.0,abs_coefficient
feature_4815,0.0,0.0,abs_coefficient
feature_4814,0.0,0.0,abs_coefficient
feature_4800,0.0,0.0,abs_coefficient
feature_4812,0.0,0.0,abs_coefficient
feature_4811,0.0,0.0,abs_coefficient
feature_4810,0.0,0.0,abs_coefficient
feature_4809,0.0,0.0,abs_coefficient
feature_4808,0.0,0.0,abs_coefficient
feature_4807,0.0,0.0,abs_coefficient
feature_4806,0.0,0.0,abs_coefficient
feature_4805,0.0,0.0,abs_coefficient
feature_4804,0.0,0.0,abs_coefficient
feature_4803,0.0,0.0,abs_coefficient
feature_4802,0.0,0.0,abs_coefficient
feature_4801,0.0,0.0,abs_coefficient
feature_4813,0.0,0.0,abs_coefficient
feature_4746,0.0,0.0,abs_coefficient
feature_4745,0.0,0.0,abs_coefficient
feature_4744,0.0,0.0,abs_coefficient
feature_4743,0.0,0.0,abs_coefficient
feature_4742,0.0,0.0,abs_coefficient
feature_4741,0.0,0.0,abs_coefficient
feature_4740,0.0,0.0,abs_coefficient
feature_4738,0.0,0.0,abs_coefficient
feature_4737,0.0,0.0,abs_coefficient
feature_4736,0.0,0.0,abs_coefficient
feature_4735,0.0,0.0,abs_coefficient
feature_4775,0.0,0.0,abs_coefficient
feature_4733,0.0,0.0,abs_coefficient
feature_4732,0.0,0.0,abs_coefficient
feature_4731,0.0,0.0,abs_coefficient
feature_4730,0.0,0.0,abs_coefficient
feature_4729,0.0,0.0,abs_coefficient
feature_4728,0.0,0.0,abs_coefficient
feature_4727,0.0,0.0,abs_coefficient
feature_4726,0.0,0.0,abs_coefficient
feature_4725,0.0,0.0,abs_coefficient
feature_4724,0.0,0.0,abs_coefficient
feature_4723,0.0,0.0,abs_coefficient
feature_4722,0.0,0.0,abs_coefficient
feature_4734,0.0,0.0,abs_coefficient
feature_4774,0.0,0.0,abs_coefficient
feature_4773,0.0,0.0,abs_coefficient
feature_4772,0.0,0.0,abs_coefficient
feature_4771,0.0,0.0,abs_coefficient
feature_4770,0.0,0.0,abs_coefficient
feature_4769,0.0,0.0,abs_coefficient
feature_4768,0.0,0.0,abs_coefficient
feature_4766,0.0,0.0,abs_coefficient
feature_4765,0.0,0.0,abs_coefficient
feature_4763,0.0,0.0,abs_coefficient
feature_4762,0.0,0.0,abs_coefficient
feature_4761,0.0,0.0,abs_coefficient
feature_4747,0.0,0.0,abs_coefficient
feature_4759,0.0,0.0,abs_coefficient
feature_4758,0.0,0.0,abs_coefficient
feature_4757,0.0,0.0,abs_coefficient
feature_4756,0.0,0.0,abs_coefficient
feature_4755,0.0,0.0,abs_coefficient
feature_4754,0.0,0.0,abs_coefficient
feature_4753,0.0,0.0,abs_coefficient
feature_4752,0.0,0.0,abs_coefficient
feature_4751,0.0,0.0,abs_coefficient
feature_4750,0.0,0.0,abs_coefficient
feature_4749,0.0,0.0,abs_coefficient
feature_4748,0.0,0.0,abs_coefficient
feature_4760,0.0,0.0,abs_coefficient
feature_4903,0.0,0.0,abs_coefficient
feature_4902,0.0,0.0,abs_coefficient
feature_4901,0.0,0.0,abs_coefficient
feature_4900,0.0,0.0,abs_coefficient
feature_4899,0.0,0.0,abs_coefficient
feature_4898,0.0,0.0,abs_coefficient
feature_4897,0.0,0.0,abs_coefficient
feature_4896,0.0,0.0,abs_coefficient
feature_4895,0.0,0.0,abs_coefficient
feature_4894,0.0,0.0,abs_coefficient
feature_4893,0.0,0.0,abs_coefficient
feature_4827,0.0,0.0,abs_coefficient
feature_4891,0.0,0.0,abs_coefficient
feature_4890,0.0,0.0,abs_coefficient
feature_4889,0.0,0.0,abs_coefficient
feature_4888,0.0,0.0,abs_coefficient
feature_4887,0.0,0.0,abs_coefficient
feature_4886,0.0,0.0,abs_coefficient
feature_4885,0.0,0.0,abs_coefficient
feature_4884,0.0,0.0,abs_coefficient
feature_4883,0.0,0.0,abs_coefficient
feature_4882,0.0,0.0,abs_coefficient
feature_4881,0.0,0.0,abs_coefficient
feature_4880,0.0,0.0,abs_coefficient
feature_4892,0.0,0.0,abs_coefficient
feature_4930,0.0,0.0,abs_coefficient
feature_4929,0.0,0.0,abs_coefficient
feature_4928,0.0,0.0,abs_coefficient
feature_4927,0.0,0.0,abs_coefficient
feature_4926,0.0,0.0,abs_coefficient
feature_4925,0.0,0.0,abs_coefficient
feature_4924,0.0,0.0,abs_coefficient
feature_4923,0.0,0.0,abs_coefficient
feature_4922,0.0,0.0,abs_coefficient
feature_4921,0.0,0.0,abs_coefficient
feature_4920,0.0,0.0,abs_coefficient
feature_4919,0.0,0.0,abs_coefficient
feature_4905,0.0,0.0,abs_coefficient
feature_4917,0.0,0.0,abs_coefficient
feature_4916,0.0,0.0,abs_coefficient
feature_4915,0.0,0.0,abs_coefficient
feature_4914,0.0,0.0,abs_coefficient
feature_4913,0.0,0.0,abs_coefficient
feature_4912,0.0,0.0,abs_coefficient
feature_4911,0.0,0.0,abs_coefficient
feature_4910,0.0,0.0,abs_coefficient
feature_4909,0.0,0.0,abs_coefficient
feature_4908,0.0,0.0,abs_coefficient
feature_4907,0.0,0.0,abs_coefficient
feature_4906,0.0,0.0,abs_coefficient
feature_4918,0.0,0.0,abs_coefficient
feature_4851,0.0,0.0,abs_coefficient
feature_4850,0.0,0.0,abs_coefficient
feature_4849,0.0,0.0,abs_coefficient
feature_4848,0.0,0.0,abs_coefficient
feature_4847,0.0,0.0,abs_coefficient
feature_4846,0.0,0.0,abs_coefficient
feature_4845,0.0,0.0,abs_coefficient
feature_4844,0.0,0.0,abs_coefficient
feature_4843,0.0,0.0,abs_coefficient
feature_4842,0.0,0.0,abs_coefficient
feature_4841,0.0,0.0,abs_coefficient
feature_4879,0.0,0.0,abs_coefficient
feature_4839,0.0,0.0,abs_coefficient
feature_4838,0.0,0.0,abs_coefficient
feature_4837,0.0,0.0,abs_coefficient
feature_4836,0.0,0.0,abs_coefficient
feature_4835,0.0,0.0,abs_coefficient
feature_4834,0.0,0.0,abs_coefficient
feature_4833,0.0,0.0,abs_coefficient
feature_4832,0.0,0.0,abs_coefficient
feature_4831,0.0,0.0,abs_coefficient
feature_4830,0.0,0.0,abs_coefficient
feature_4829,0.0,0.0,abs_coefficient
feature_4828,0.0,0.0,abs_coefficient
feature_4840,0.0,0.0,abs_coefficient
feature_4878,0.0,0.0,abs_coefficient
feature_4877,0.0,0.0,abs_coefficient
feature_4876,0.0,0.0,abs_coefficient
feature_4875,0.0,0.0,abs_coefficient
feature_4874,0.0,0.0,abs_coefficient
feature_4873,0.0,0.0,abs_coefficient
feature_4872,0.0,0.0,abs_coefficient
feature_4871,0.0,0.0,abs_coefficient
feature_4870,0.0,0.0,abs_coefficient
feature_4869,0.0,0.0,abs_coefficient
feature_4868,0.0,0.0,abs_coefficient
feature_4867,0.0,0.0,abs_coefficient
feature_4852,0.0,0.0,abs_coefficient
feature_4865,0.0,0.0,abs_coefficient
feature_4864,0.0,0.0,abs_coefficient
feature_4863,0.0,0.0,abs_coefficient
feature_4862,0.0,0.0,abs_coefficient
feature_4861,0.0,0.0,abs_coefficient
feature_4860,0.0,0.0,abs_coefficient
feature_4859,0.0,0.0,abs_coefficient
feature_4857,0.0,0.0,abs_coefficient
feature_4856,0.0,0.0,abs_coefficient
feature_4855,0.0,0.0,abs_coefficient
feature_4854,0.0,0.0,abs_coefficient
feature_4853,0.0,0.0,abs_coefficient
feature_4866,0.0,0.0,abs_coefficient
feature_4590,0.0,0.0,abs_coefficient
feature_4589,0.0,0.0,abs_coefficient
feature_4588,0.0,0.0,abs_coefficient
feature_4587,0.0,0.0,abs_coefficient
feature_4586,0.0,0.0,abs_coefficient
feature_4585,0.0,0.0,abs_coefficient
feature_4584,0.0,0.0,abs_coefficient
feature_4583,0.0,0.0,abs_coefficient
feature_4582,0.0,0.0,abs_coefficient
feature_4581,0.0,0.0,abs_coefficient
feature_4580,0.0,0.0,abs_coefficient
feature_4721,0.0,0.0,abs_coefficient
feature_4578,0.0,0.0,abs_coefficient
feature_4577,0.0,0.0,abs_coefficient
feature_4576,0.0,0.0,abs_coefficient
feature_4575,0.0,0.0,abs_coefficient
feature_4574,0.0,0.0,abs_coefficient
feature_4573,0.0,0.0,abs_coefficient
feature_4572,0.0,0.0,abs_coefficient
feature_4571,0.0,0.0,abs_coefficient
feature_4570,0.0,0.0,abs_coefficient
feature_4569,0.0,0.0,abs_coefficient
feature_4568,0.0,0.0,abs_coefficient
feature_4567,0.0,0.0,abs_coefficient
feature_4579,0.0,0.0,abs_coefficient
feature_4617,0.0,0.0,abs_coefficient
feature_4616,0.0,0.0,abs_coefficient
feature_4615,0.0,0.0,abs_coefficient
feature_4614,0.0,0.0,abs_coefficient
feature_4613,0.0,0.0,abs_coefficient
feature_4612,0.0,0.0,abs_coefficient
feature_4611,0.0,0.0,abs_coefficient
feature_4610,0.0,0.0,abs_coefficient
feature_4609,0.0,0.0,abs_coefficient
feature_4608,0.0,0.0,abs_coefficient
feature_4606,0.0,0.0,abs_coefficient
feature_4605,0.0,0.0,abs_coefficient
feature_4591,0.0,0.0,abs_coefficient
feature_4603,0.0,0.0,abs_coefficient
feature_4602,0.0,0.0,abs_coefficient
feature_4601,0.0,0.0,abs_coefficient
feature_4600,0.0,0.0,abs_coefficient
feature_4599,0.0,0.0,abs_coefficient
feature_4598,0.0,0.0,abs_coefficient
feature_4597,0.0,0.0,abs_coefficient
feature_4596,0.0,0.0,abs_coefficient
feature_4595,0.0,0.0,abs_coefficient
feature_4594,0.0,0.0,abs_coefficient
feature_4593,0.0,0.0,abs_coefficient
feature_4592,0.0,0.0,abs_coefficient
feature_4604,0.0,0.0,abs_coefficient
feature_4539,0.0,0.0,abs_coefficient
feature_4538,0.0,0.0,abs_coefficient
feature_4537,0.0,0.0,abs_coefficient
feature_4536,0.0,0.0,abs_coefficient
feature_4535,0.0,0.0,abs_coefficient
feature_4534,0.0,0.0,abs_coefficient
feature_4532,0.0,0.0,abs_coefficient
feature_4531,0.0,0.0,abs_coefficient
feature_4530,0.0,0.0,abs_coefficient
feature_4529,0.0,0.0,abs_coefficient
feature_4528,0.0,0.0,abs_coefficient
feature_4566,0.0,0.0,abs_coefficient
feature_4526,0.0,0.0,abs_coefficient
feature_4525,0.0,0.0,abs_coefficient
feature_4524,0.0,0.0,abs_coefficient
feature_4523,0.0,0.0,abs_coefficient
feature_4522,0.0,0.0,abs_coefficient
feature_4521,0.0,0.0,abs_coefficient
feature_4520,0.0,0.0,abs_coefficient
feature_4519,0.0,0.0,abs_coefficient
feature_4518,0.0,0.0,abs_coefficient
feature_4517,0.0,0.0,abs_coefficient
feature_4516,0.0,0.0,abs_coefficient
feature_4515,0.0,0.0,abs_coefficient
feature_4527,0.0,0.0,abs_coefficient
feature_4565,0.0,0.0,abs_coefficient
feature_4564,0.0,0.0,abs_coefficient
feature_4563,0.0,0.0,abs_coefficient
feature_4562,0.0,0.0,abs_coefficient
feature_4561,0.0,0.0,abs_coefficient
feature_4560,0.0,0.0,abs_coefficient
feature_4559,0.0,0.0,abs_coefficient
feature_4558,0.0,0.0,abs_coefficient
feature_4557,0.0,0.0,abs_coefficient
feature_4556,0.0,0.0,abs_coefficient
feature_4555,0.0,0.0,abs_coefficient
feature_4554,0.0,0.0,abs_coefficient
feature_4540,0.0,0.0,abs_coefficient
feature_4552,0.0,0.0,abs_coefficient
feature_4551,0.0,0.0,abs_coefficient
feature_4550,0.0,0.0,abs_coefficient
feature_4549,0.0,0.0,abs_coefficient
feature_4548,0.0,0.0,abs_coefficient
feature_4547,0.0,0.0,abs_coefficient
feature_4546,0.0,0.0,abs_coefficient
feature_4545,0.0,0.0,abs_coefficient
feature_4544,0.0,0.0,abs_coefficient
feature_4164,0.0,0.0,abs_coefficient
feature_4542,0.0,0.0,abs_coefficient
feature_4541,0.0,0.0,abs_coefficient
feature_4553,0.0,0.0,abs_coefficient
feature_4694,0.0,0.0,abs_coefficient
feature_4693,0.0,0.0,abs_coefficient
feature_4692,0.0,0.0,abs_coefficient
feature_4691,0.0,0.0,abs_coefficient
feature_4690,0.0,0.0,abs_coefficient
feature_4689,0.0,0.0,abs_coefficient
feature_4688,0.0,0.0,abs_coefficient
feature_4687,0.0,0.0,abs_coefficient
feature_4686,0.0,0.0,abs_coefficient
feature_4685,0.0,0.0,abs_coefficient
feature_4684,0.0,0.0,abs_coefficient
feature_4618,0.0,0.0,abs_coefficient
feature_4682,0.0,0.0,abs_coefficient
feature_4681,0.0,0.0,abs_coefficient
feature_4680,0.0,0.0,abs_coefficient
feature_4679,0.0,0.0,abs_coefficient
feature_4678,0.0,0.0,abs_coefficient
feature_4677,0.0,0.0,abs_coefficient
feature_4676,0.0,0.0,abs_coefficient
feature_4675,0.0,0.0,abs_coefficient
feature_4674,0.0,0.0,abs_coefficient
feature_4673,0.0,0.0,abs_coefficient
feature_4672,0.0,0.0,abs_coefficient
feature_4671,0.0,0.0,abs_coefficient
feature_4683,0.0,0.0,abs_coefficient
feature_4720,0.0,0.0,abs_coefficient
feature_4719,0.0,0.0,abs_coefficient
feature_4718,0.0,0.0,abs_coefficient
feature_4717,0.0,0.0,abs_coefficient
feature_4716,0.0,0.0,abs_coefficient
feature_4715,0.0,0.0,abs_coefficient
feature_4714,0.0,0.0,abs_coefficient
feature_4713,0.0,0.0,abs_coefficient
feature_4712,0.0,0.0,abs_coefficient
feature_4711,0.0,0.0,abs_coefficient
feature_4710,0.0,0.0,abs_coefficient
feature_4709,0.0,0.0,abs_coefficient
feature_4695,0.0,0.0,abs_coefficient
feature_4707,0.0,0.0,abs_coefficient
feature_4706,0.0,0.0,abs_coefficient
feature_4705,0.0,0.0,abs_coefficient
feature_4704,0.0,0.0,abs_coefficient
feature_4703,0.0,0.0,abs_coefficient
feature_4702,0.0,0.0,abs_coefficient
feature_4701,0.0,0.0,abs_coefficient
feature_4700,0.0,0.0,abs_coefficient
feature_4699,0.0,0.0,abs_coefficient
feature_4698,0.0,0.0,abs_coefficient
feature_4697,0.0,0.0,abs_coefficient
feature_4696,0.0,0.0,abs_coefficient
feature_4708,0.0,0.0,abs_coefficient
feature_4643,0.0,0.0,abs_coefficient
feature_4642,0.0,0.0,abs_coefficient
feature_4641,0.0,0.0,abs_coefficient
feature_4640,0.0,0.0,abs_coefficient
feature_4639,0.0,0.0,abs_coefficient
feature_4638,0.0,0.0,abs_coefficient
feature_4637,0.0,0.0,abs_coefficient
feature_4636,0.0,0.0,abs_coefficient
feature_4635,0.0,0.0,abs_coefficient
feature_4634,0.0,0.0,abs_coefficient
feature_4633,0.0,0.0,abs_coefficient
feature_4632,0.0,0.0,abs_coefficient
feature_4670,0.0,0.0,abs_coefficient
feature_4630,0.0,0.0,abs_coefficient
feature_4629,0.0,0.0,abs_coefficient
feature_4628,0.0,0.0,abs_coefficient
feature_4627,0.0,0.0,abs_coefficient
feature_4626,0.0,0.0,abs_coefficient
feature_4625,0.0,0.0,abs_coefficient
feature_4624,0.0,0.0,abs_coefficient
feature_4623,0.0,0.0,abs_coefficient
feature_4622,0.0,0.0,abs_coefficient
feature_4621,0.0,0.0,abs_coefficient
feature_4620,0.0,0.0,abs_coefficient
feature_4619,0.0,0.0,abs_coefficient
feature_4631,0.0,0.0,abs_coefficient
feature_4669,0.0,0.0,abs_coefficient
feature_4668,0.0,0.0,abs_coefficient
feature_4667,0.0,0.0,abs_coefficient
feature_4666,0.0,0.0,abs_coefficient
feature_4665,0.0,0.0,abs_coefficient
feature_4664,0.0,0.0,abs_coefficient
feature_4663,0.0,0.0,abs_coefficient
feature_4662,0.0,0.0,abs_coefficient
feature_4661,0.0,0.0,abs_coefficient
feature_4660,0.0,0.0,abs_coefficient
feature_4659,0.0,0.0,abs_coefficient
feature_4658,0.0,0.0,abs_coefficient
feature_4644,0.0,0.0,abs_coefficient
feature_4656,0.0,0.0,abs_coefficient
feature_4655,0.0,0.0,abs_coefficient
feature_4654,0.0,0.0,abs_coefficient
feature_4653,0.0,0.0,abs_coefficient
feature_4652,0.0,0.0,abs_coefficient
feature_4651,0.0,0.0,abs_coefficient
feature_4650,0.0,0.0,abs_coefficient
feature_4649,0.0,0.0,abs_coefficient
feature_4648,0.0,0.0,abs_coefficient
feature_4647,0.0,0.0,abs_coefficient
feature_4646,0.0,0.0,abs_coefficient
feature_4645,0.0,0.0,abs_coefficient
feature_4657,0.0,0.0,abs_coefficient
feature_3618,0.0,0.0,abs_coefficient
feature_3617,0.0,0.0,abs_coefficient
feature_3616,0.0,0.0,abs_coefficient
feature_3615,0.0,0.0,abs_coefficient
feature_3614,0.0,0.0,abs_coefficient
feature_3613,0.0,0.0,abs_coefficient
feature_3612,0.0,0.0,abs_coefficient
feature_3611,0.0,0.0,abs_coefficient
feature_3610,0.0,0.0,abs_coefficient
feature_3609,0.0,0.0,abs_coefficient
feature_3608,0.0,0.0,abs_coefficient
feature_4129,0.0,0.0,abs_coefficient
feature_3606,0.0,0.0,abs_coefficient
feature_3605,0.0,0.0,abs_coefficient
feature_3604,0.0,0.0,abs_coefficient
feature_3603,0.0,0.0,abs_coefficient
feature_3602,0.0,0.0,abs_coefficient
feature_3601,0.0,0.0,abs_coefficient
feature_3600,0.0,0.0,abs_coefficient
feature_3599,0.0,0.0,abs_coefficient
feature_3598,0.0,0.0,abs_coefficient
feature_3597,0.0,0.0,abs_coefficient
feature_3596,0.0,0.0,abs_coefficient
feature_3595,0.0,0.0,abs_coefficient
feature_3607,0.0,0.0,abs_coefficient
feature_3645,0.0,0.0,abs_coefficient
feature_3644,0.0,0.0,abs_coefficient
feature_3643,0.0,0.0,abs_coefficient
feature_3642,0.0,0.0,abs_coefficient
feature_3641,0.0,0.0,abs_coefficient
feature_3640,0.0,0.0,abs_coefficient
feature_3639,0.0,0.0,abs_coefficient
feature_3638,0.0,0.0,abs_coefficient
feature_3637,0.0,0.0,abs_coefficient
feature_3636,0.0,0.0,abs_coefficient
feature_3634,0.0,0.0,abs_coefficient
feature_3633,0.0,0.0,abs_coefficient
feature_3619,0.0,0.0,abs_coefficient
feature_3631,0.0,0.0,abs_coefficient
feature_3630,0.0,0.0,abs_coefficient
feature_3629,0.0,0.0,abs_coefficient
feature_3628,0.0,0.0,abs_coefficient
feature_3627,0.0,0.0,abs_coefficient
feature_3626,0.0,0.0,abs_coefficient
feature_3625,0.0,0.0,abs_coefficient
feature_3624,0.0,0.0,abs_coefficient
feature_3623,0.0,0.0,abs_coefficient
feature_3622,0.0,0.0,abs_coefficient
feature_3621,0.0,0.0,abs_coefficient
feature_3620,0.0,0.0,abs_coefficient
feature_3632,0.0,0.0,abs_coefficient
feature_3567,0.0,0.0,abs_coefficient
feature_3566,0.0,0.0,abs_coefficient
feature_3565,0.0,0.0,abs_coefficient
feature_3564,0.0,0.0,abs_coefficient
feature_3563,0.0,0.0,abs_coefficient
feature_3562,0.0,0.0,abs_coefficient
feature_3561,0.0,0.0,abs_coefficient
feature_3560,0.0,0.0,abs_coefficient
feature_3559,0.0,0.0,abs_coefficient
feature_3558,0.0,0.0,abs_coefficient
feature_3557,0.0,0.0,abs_coefficient
feature_3594,0.0,0.0,abs_coefficient
feature_3555,0.0,0.0,abs_coefficient
feature_3554,0.0,0.0,abs_coefficient
feature_3553,0.0,0.0,abs_coefficient
feature_3552,0.0,0.0,abs_coefficient
feature_3551,0.0,0.0,abs_coefficient
feature_3550,0.0,0.0,abs_coefficient
feature_3548,0.0,0.0,abs_coefficient
feature_3547,0.0,0.0,abs_coefficient
feature_3546,0.0,0.0,abs_coefficient
feature_3545,0.0,0.0,abs_coefficient
feature_3544,0.0,0.0,abs_coefficient
feature_3543,0.0,0.0,abs_coefficient
feature_3556,0.0,0.0,abs_coefficient
feature_3593,0.0,0.0,abs_coefficient
feature_3592,0.0,0.0,abs_coefficient
feature_3591,0.0,0.0,abs_coefficient
feature_3590,0.0,0.0,abs_coefficient
feature_3589,0.0,0.0,abs_coefficient
feature_3588,0.0,0.0,abs_coefficient
feature_3587,0.0,0.0,abs_coefficient
feature_3586,0.0,0.0,abs_coefficient
feature_3585,0.0,0.0,abs_coefficient
feature_3584,0.0,0.0,abs_coefficient
feature_3583,0.0,0.0,abs_coefficient
feature_3582,0.0,0.0,abs_coefficient
feature_3568,0.0,0.0,abs_coefficient
feature_3580,0.0,0.0,abs_coefficient
feature_3579,0.0,0.0,abs_coefficient
feature_3578,0.0,0.0,abs_coefficient
feature_3577,0.0,0.0,abs_coefficient
feature_3576,0.0,0.0,abs_coefficient
feature_3575,0.0,0.0,abs_coefficient
feature_3574,0.0,0.0,abs_coefficient
feature_3573,0.0,0.0,abs_coefficient
feature_3572,0.0,0.0,abs_coefficient
feature_3571,0.0,0.0,abs_coefficient
feature_3570,0.0,0.0,abs_coefficient
feature_3569,0.0,0.0,abs_coefficient
feature_3581,0.0,0.0,abs_coefficient
feature_3723,0.0,0.0,abs_coefficient
feature_3722,0.0,0.0,abs_coefficient
feature_3721,0.0,0.0,abs_coefficient
feature_3720,0.0,0.0,abs_coefficient
feature_3719,0.0,0.0,abs_coefficient
feature_3718,0.0,0.0,abs_coefficient
feature_3717,0.0,0.0,abs_coefficient
feature_3715,0.0,0.0,abs_coefficient
feature_3714,0.0,0.0,abs_coefficient
feature_3713,0.0,0.0,abs_coefficient
feature_3712,0.0,0.0,abs_coefficient
feature_3646,0.0,0.0,abs_coefficient
feature_3710,0.0,0.0,abs_coefficient
feature_3709,0.0,0.0,abs_coefficient
feature_3708,0.0,0.0,abs_coefficient
feature_3707,0.0,0.0,abs_coefficient
feature_3706,0.0,0.0,abs_coefficient
feature_3705,0.0,0.0,abs_coefficient
feature_3704,0.0,0.0,abs_coefficient
feature_3703,0.0,0.0,abs_coefficient
feature_3702,0.0,0.0,abs_coefficient
feature_3701,0.0,0.0,abs_coefficient
feature_3700,0.0,0.0,abs_coefficient
feature_3699,0.0,0.0,abs_coefficient
feature_3711,0.0,0.0,abs_coefficient
feature_3749,0.0,0.0,abs_coefficient
feature_3748,0.0,0.0,abs_coefficient
feature_3747,0.0,0.0,abs_coefficient
feature_3746,0.0,0.0,abs_coefficient
feature_3745,0.0,0.0,abs_coefficient
feature_3744,0.0,0.0,abs_coefficient
feature_3743,0.0,0.0,abs_coefficient
feature_3742,0.0,0.0,abs_coefficient
feature_3741,0.0,0.0,abs_coefficient
feature_3740,0.0,0.0,abs_coefficient
feature_3739,0.0,0.0,abs_coefficient
feature_3738,0.0,0.0,abs_coefficient
feature_3724,0.0,0.0,abs_coefficient
feature_3736,0.0,0.0,abs_coefficient
feature_3735,0.0,0.0,abs_coefficient
feature_3734,0.0,0.0,abs_coefficient
feature_3733,0.0,0.0,abs_coefficient
feature_3732,0.0,0.0,abs_coefficient
feature_3731,0.0,0.0,abs_coefficient
feature_3730,0.0,0.0,abs_coefficient
feature_3729,0.0,0.0,abs_coefficient
feature_3728,0.0,0.0,abs_coefficient
feature_3727,0.0,0.0,abs_coefficient
feature_3726,0.0,0.0,abs_coefficient
feature_3725,0.0,0.0,abs_coefficient
feature_3737,0.0,0.0,abs_coefficient
feature_3671,0.0,0.0,abs_coefficient
feature_3670,0.0,0.0,abs_coefficient
feature_3668,0.0,0.0,abs_coefficient
feature_3667,0.0,0.0,abs_coefficient
feature_3666,0.0,0.0,abs_coefficient
feature_3665,0.0,0.0,abs_coefficient
feature_3664,0.0,0.0,abs_coefficient
feature_3663,0.0,0.0,abs_coefficient
feature_3662,0.0,0.0,abs_coefficient
feature_3661,0.0,0.0,abs_coefficient
feature_3660,0.0,0.0,abs_coefficient
feature_3698,0.0,0.0,abs_coefficient
feature_3658,0.0,0.0,abs_coefficient
feature_3657,0.0,0.0,abs_coefficient
feature_3656,0.0,0.0,abs_coefficient
feature_3655,0.0,0.0,abs_coefficient
feature_3654,0.0,0.0,abs_coefficient
feature_3653,0.0,0.0,abs_coefficient
feature_3652,0.0,0.0,abs_coefficient
feature_3651,0.0,0.0,abs_coefficient
feature_3650,0.0,0.0,abs_coefficient
feature_3649,0.0,0.0,abs_coefficient
feature_3648,0.0,0.0,abs_coefficient
feature_3647,0.0,0.0,abs_coefficient
feature_3659,0.0,0.0,abs_coefficient
feature_3697,0.0,0.0,abs_coefficient
feature_3696,0.0,0.0,abs_coefficient
feature_3695,0.0,0.0,abs_coefficient
feature_3694,0.0,0.0,abs_coefficient
feature_3693,0.0,0.0,abs_coefficient
feature_3692,0.0,0.0,abs_coefficient
feature_3691,0.0,0.0,abs_coefficient
feature_3690,0.0,0.0,abs_coefficient
feature_3689,0.0,0.0,abs_coefficient
feature_3688,0.0,0.0,abs_coefficient
feature_3687,0.0,0.0,abs_coefficient
feature_3686,0.0,0.0,abs_coefficient
feature_3672,0.0,0.0,abs_coefficient
feature_3684,0.0,0.0,abs_coefficient
feature_3683,0.0,0.0,abs_coefficient
feature_3682,0.0,0.0,abs_coefficient
feature_3681,0.0,0.0,abs_coefficient
feature_3680,0.0,0.0,abs_coefficient
feature_3679,0.0,0.0,abs_coefficient
feature_3678,0.0,0.0,abs_coefficient
feature_3677,0.0,0.0,abs_coefficient
feature_3676,0.0,0.0,abs_coefficient
feature_3675,0.0,0.0,abs_coefficient
feature_3674,0.0,0.0,abs_coefficient
feature_3673,0.0,0.0,abs_coefficient
feature_3685,0.0,0.0,abs_coefficient
feature_3410,0.0,0.0,abs_coefficient
feature_3409,0.0,0.0,abs_coefficient
feature_3408,0.0,0.0,abs_coefficient
feature_3406,0.0,0.0,abs_coefficient
feature_3405,0.0,0.0,abs_coefficient
feature_3404,0.0,0.0,abs_coefficient
feature_3403,0.0,0.0,abs_coefficient
feature_3402,0.0,0.0,abs_coefficient
feature_3401,0.0,0.0,abs_coefficient
feature_3400,0.0,0.0,abs_coefficient
feature_3399,0.0,0.0,abs_coefficient
feature_3542,0.0,0.0,abs_coefficient
feature_3397,0.0,0.0,abs_coefficient
feature_3396,0.0,0.0,abs_coefficient
feature_3395,0.0,0.0,abs_coefficient
feature_3394,0.0,0.0,abs_coefficient
feature_3393,0.0,0.0,abs_coefficient
feature_3392,0.0,0.0,abs_coefficient
feature_3391,0.0,0.0,abs_coefficient
feature_3390,0.0,0.0,abs_coefficient
feature_3389,0.0,0.0,abs_coefficient
feature_3388,0.0,0.0,abs_coefficient
feature_3387,0.0,0.0,abs_coefficient
feature_3386,0.0,0.0,abs_coefficient
feature_3398,0.0,0.0,abs_coefficient
feature_3438,0.0,0.0,abs_coefficient
feature_3437,0.0,0.0,abs_coefficient
feature_3436,0.0,0.0,abs_coefficient
feature_3435,0.0,0.0,abs_coefficient
feature_3434,0.0,0.0,abs_coefficient
feature_3432,0.0,0.0,abs_coefficient
feature_3431,0.0,0.0,abs_coefficient
feature_3430,0.0,0.0,abs_coefficient
feature_3429,0.0,0.0,abs_coefficient
feature_3428,0.0,0.0,abs_coefficient
feature_3427,0.0,0.0,abs_coefficient
feature_3426,0.0,0.0,abs_coefficient
feature_3411,0.0,0.0,abs_coefficient
feature_3424,0.0,0.0,abs_coefficient
feature_3423,0.0,0.0,abs_coefficient
feature_3422,0.0,0.0,abs_coefficient
feature_3421,0.0,0.0,abs_coefficient
feature_3420,0.0,0.0,abs_coefficient
feature_3418,0.0,0.0,abs_coefficient
feature_3417,0.0,0.0,abs_coefficient
feature_3416,0.0,0.0,abs_coefficient
feature_3415,0.0,0.0,abs_coefficient
feature_3414,0.0,0.0,abs_coefficient
feature_3413,0.0,0.0,abs_coefficient
feature_3412,0.0,0.0,abs_coefficient
feature_3425,0.0,0.0,abs_coefficient
feature_3358,0.0,0.0,abs_coefficient
feature_3357,0.0,0.0,abs_coefficient
feature_3356,0.0,0.0,abs_coefficient
feature_3355,0.0,0.0,abs_coefficient
feature_3354,0.0,0.0,abs_coefficient
feature_3353,0.0,0.0,abs_coefficient
feature_3352,0.0,0.0,abs_coefficient
feature_3351,0.0,0.0,abs_coefficient
feature_3350,0.0,0.0,abs_coefficient
feature_3349,0.0,0.0,abs_coefficient
feature_3348,0.0,0.0,abs_coefficient
feature_3385,0.0,0.0,abs_coefficient
feature_3346,0.0,0.0,abs_coefficient
feature_3345,0.0,0.0,abs_coefficient
feature_3344,0.0,0.0,abs_coefficient
feature_3343,0.0,0.0,abs_coefficient
feature_3342,0.0,0.0,abs_coefficient
feature_3341,0.0,0.0,abs_coefficient
feature_3340,0.0,0.0,abs_coefficient
feature_3339,0.0,0.0,abs_coefficient
feature_3338,0.0,0.0,abs_coefficient
feature_3337,0.0,0.0,abs_coefficient
feature_3336,0.0,0.0,abs_coefficient
feature_3335,0.0,0.0,abs_coefficient
feature_3347,0.0,0.0,abs_coefficient
feature_3384,0.0,0.0,abs_coefficient
feature_3383,0.0,0.0,abs_coefficient
feature_3382,0.0,0.0,abs_coefficient
feature_3381,0.0,0.0,abs_coefficient
feature_3380,0.0,0.0,abs_coefficient
feature_3379,0.0,0.0,abs_coefficient
feature_3378,0.0,0.0,abs_coefficient
feature_3377,0.0,0.0,abs_coefficient
feature_3376,0.0,0.0,abs_coefficient
feature_3375,0.0,0.0,abs_coefficient
feature_3374,0.0,0.0,abs_coefficient
feature_3373,0.0,0.0,abs_coefficient
feature_3359,0.0,0.0,abs_coefficient
feature_3371,0.0,0.0,abs_coefficient
feature_3370,0.0,0.0,abs_coefficient
feature_3369,0.0,0.0,abs_coefficient
feature_3368,0.0,0.0,abs_coefficient
feature_3367,0.0,0.0,abs_coefficient
feature_3366,0.0,0.0,abs_coefficient
feature_3365,0.0,0.0,abs_coefficient
feature_3364,0.0,0.0,abs_coefficient
feature_3363,0.0,0.0,abs_coefficient
feature_3362,0.0,0.0,abs_coefficient
feature_3361,0.0,0.0,abs_coefficient
feature_3360,0.0,0.0,abs_coefficient
feature_3372,0.0,0.0,abs_coefficient
feature_3515,0.0,0.0,abs_coefficient
feature_3514,0.0,0.0,abs_coefficient
feature_3513,0.0,0.0,abs_coefficient
feature_3512,0.0,0.0,abs_coefficient
feature_3511,0.0,0.0,abs_coefficient
feature_3510,0.0,0.0,abs_coefficient
feature_3509,0.0,0.0,abs_coefficient
feature_3508,0.0,0.0,abs_coefficient
feature_3507,0.0,0.0,abs_coefficient
feature_3506,0.0,0.0,abs_coefficient
feature_3505,0.0,0.0,abs_coefficient
feature_3439,0.0,0.0,abs_coefficient
feature_3503,0.0,0.0,abs_coefficient
feature_3502,0.0,0.0,abs_coefficient
feature_3501,0.0,0.0,abs_coefficient
feature_3500,0.0,0.0,abs_coefficient
feature_3499,0.0,0.0,abs_coefficient
feature_3498,0.0,0.0,abs_coefficient
feature_3497,0.0,0.0,abs_coefficient
feature_3496,0.0,0.0,abs_coefficient
feature_3495,0.0,0.0,abs_coefficient
feature_3494,0.0,0.0,abs_coefficient
feature_3493,0.0,0.0,abs_coefficient
feature_3492,0.0,0.0,abs_coefficient
feature_3504,0.0,0.0,abs_coefficient
feature_3541,0.0,0.0,abs_coefficient
feature_3540,0.0,0.0,abs_coefficient
feature_3539,0.0,0.0,abs_coefficient
feature_3538,0.0,0.0,abs_coefficient
feature_3537,0.0,0.0,abs_coefficient
feature_3536,0.0,0.0,abs_coefficient
feature_3535,0.0,0.0,abs_coefficient
feature_3534,0.0,0.0,abs_coefficient
feature_3533,0.0,0.0,abs_coefficient
feature_3532,0.0,0.0,abs_coefficient
feature_3531,0.0,0.0,abs_coefficient
feature_3530,0.0,0.0,abs_coefficient
feature_3516,0.0,0.0,abs_coefficient
feature_3528,0.0,0.0,abs_coefficient
feature_3527,0.0,0.0,abs_coefficient
feature_3526,0.0,0.0,abs_coefficient
feature_3525,0.0,0.0,abs_coefficient
feature_3524,0.0,0.0,abs_coefficient
feature_3523,0.0,0.0,abs_coefficient
feature_3522,0.0,0.0,abs_coefficient
feature_3521,0.0,0.0,abs_coefficient
feature_3520,0.0,0.0,abs_coefficient
feature_3519,0.0,0.0,abs_coefficient
feature_3518,0.0,0.0,abs_coefficient
feature_3517,0.0,0.0,abs_coefficient
feature_3529,0.0,0.0,abs_coefficient
feature_3463,0.0,0.0,abs_coefficient
feature_3462,0.0,0.0,abs_coefficient
feature_3461,0.0,0.0,abs_coefficient
feature_3460,0.0,0.0,abs_coefficient
feature_3459,0.0,0.0,abs_coefficient
feature_3458,0.0,0.0,abs_coefficient
feature_3457,0.0,0.0,abs_coefficient
feature_3456,0.0,0.0,abs_coefficient
feature_3455,0.0,0.0,abs_coefficient
feature_3454,0.0,0.0,abs_coefficient
feature_3453,0.0,0.0,abs_coefficient
feature_3491,0.0,0.0,abs_coefficient
feature_3451,0.0,0.0,abs_coefficient
feature_3450,0.0,0.0,abs_coefficient
feature_3449,0.0,0.0,abs_coefficient
feature_3448,0.0,0.0,abs_coefficient
feature_3447,0.0,0.0,abs_coefficient
feature_3446,0.0,0.0,abs_coefficient
feature_3445,0.0,0.0,abs_coefficient
feature_3444,0.0,0.0,abs_coefficient
feature_3443,0.0,0.0,abs_coefficient
feature_3442,0.0,0.0,abs_coefficient
feature_3441,0.0,0.0,abs_coefficient
feature_3440,0.0,0.0,abs_coefficient
feature_3452,0.0,0.0,abs_coefficient
feature_3490,0.0,0.0,abs_coefficient
feature_3489,0.0,0.0,abs_coefficient
feature_3488,0.0,0.0,abs_coefficient
feature_3487,0.0,0.0,abs_coefficient
feature_3486,0.0,0.0,abs_coefficient
feature_3485,0.0,0.0,abs_coefficient
feature_3484,0.0,0.0,abs_coefficient
feature_3483,0.0,0.0,abs_coefficient
feature_3482,0.0,0.0,abs_coefficient
feature_3481,0.0,0.0,abs_coefficient
feature_3480,0.0,0.0,abs_coefficient
feature_3479,0.0,0.0,abs_coefficient
feature_3464,0.0,0.0,abs_coefficient
feature_3476,0.0,0.0,abs_coefficient
feature_3475,0.0,0.0,abs_coefficient
feature_3474,0.0,0.0,abs_coefficient
feature_3473,0.0,0.0,abs_coefficient
feature_3472,0.0,0.0,abs_coefficient
feature_3471,0.0,0.0,abs_coefficient
feature_3470,0.0,0.0,abs_coefficient
feature_3469,0.0,0.0,abs_coefficient
feature_3468,0.0,0.0,abs_coefficient
feature_3467,0.0,0.0,abs_coefficient
feature_3466,0.0,0.0,abs_coefficient
feature_3465,0.0,0.0,abs_coefficient
feature_3478,0.0,0.0,abs_coefficient
feature_4033,0.0,0.0,abs_coefficient
feature_4032,0.0,0.0,abs_coefficient
feature_4031,0.0,0.0,abs_coefficient
feature_4030,0.0,0.0,abs_coefficient
feature_4029,0.0,0.0,abs_coefficient
feature_4028,0.0,0.0,abs_coefficient
feature_4027,0.0,0.0,abs_coefficient
feature_4026,0.0,0.0,abs_coefficient
feature_4025,0.0,0.0,abs_coefficient
feature_4024,0.0,0.0,abs_coefficient
feature_4023,0.0,0.0,abs_coefficient
feature_3751,0.0,0.0,abs_coefficient
feature_4021,0.0,0.0,abs_coefficient
feature_4020,0.0,0.0,abs_coefficient
feature_4019,0.0,0.0,abs_coefficient
feature_4018,0.0,0.0,abs_coefficient
feature_4017,0.0,0.0,abs_coefficient
feature_4016,0.0,0.0,abs_coefficient
feature_4015,0.0,0.0,abs_coefficient
feature_4014,0.0,0.0,abs_coefficient
feature_4013,0.0,0.0,abs_coefficient
feature_4012,0.0,0.0,abs_coefficient
feature_4011,0.0,0.0,abs_coefficient
feature_4010,0.0,0.0,abs_coefficient
feature_4022,0.0,0.0,abs_coefficient
feature_4059,0.0,0.0,abs_coefficient
feature_4058,0.0,0.0,abs_coefficient
feature_4057,0.0,0.0,abs_coefficient
feature_4056,0.0,0.0,abs_coefficient
feature_4055,0.0,0.0,abs_coefficient
feature_4054,0.0,0.0,abs_coefficient
feature_4053,0.0,0.0,abs_coefficient
feature_4052,0.0,0.0,abs_coefficient
feature_4051,0.0,0.0,abs_coefficient
feature_4050,0.0,0.0,abs_coefficient
feature_4049,0.0,0.0,abs_coefficient
feature_4048,0.0,0.0,abs_coefficient
feature_4034,0.0,0.0,abs_coefficient
feature_4046,0.0,0.0,abs_coefficient
feature_4045,0.0,0.0,abs_coefficient
feature_4044,0.0,0.0,abs_coefficient
feature_4043,0.0,0.0,abs_coefficient
feature_4042,0.0,0.0,abs_coefficient
feature_4041,0.0,0.0,abs_coefficient
feature_4040,0.0,0.0,abs_coefficient
feature_4039,0.0,0.0,abs_coefficient
feature_4038,0.0,0.0,abs_coefficient
feature_4037,0.0,0.0,abs_coefficient
feature_4036,0.0,0.0,abs_coefficient
feature_4035,0.0,0.0,abs_coefficient
feature_4047,0.0,0.0,abs_coefficient
feature_3982,0.0,0.0,abs_coefficient
feature_3981,0.0,0.0,abs_coefficient
feature_3980,0.0,0.0,abs_coefficient
feature_3979,0.0,0.0,abs_coefficient
feature_3978,0.0,0.0,abs_coefficient
feature_3977,0.0,0.0,abs_coefficient
feature_3976,0.0,0.0,abs_coefficient
feature_3975,0.0,0.0,abs_coefficient
feature_3974,0.0,0.0,abs_coefficient
feature_3973,0.0,0.0,abs_coefficient
feature_3972,0.0,0.0,abs_coefficient
feature_4009,0.0,0.0,abs_coefficient
feature_3970,0.0,0.0,abs_coefficient
feature_3969,0.0,0.0,abs_coefficient
feature_3968,0.0,0.0,abs_coefficient
feature_3967,0.0,0.0,abs_coefficient
feature_3966,0.0,0.0,abs_coefficient
feature_3965,0.0,0.0,abs_coefficient
feature_3964,0.0,0.0,abs_coefficient
feature_3963,0.0,0.0,abs_coefficient
feature_3962,0.0,0.0,abs_coefficient
feature_3961,0.0,0.0,abs_coefficient
feature_3960,0.0,0.0,abs_coefficient
feature_3959,0.0,0.0,abs_coefficient
feature_3971,0.0,0.0,abs_coefficient
feature_4008,0.0,0.0,abs_coefficient
feature_4007,0.0,0.0,abs_coefficient
feature_4006,0.0,0.0,abs_coefficient
feature_4005,0.0,0.0,abs_coefficient
feature_4004,0.0,0.0,abs_coefficient
feature_4003,0.0,0.0,abs_coefficient
feature_4002,0.0,0.0,abs_coefficient
feature_4001,0.0,0.0,abs_coefficient
feature_4000,0.0,0.0,abs_coefficient
feature_3999,0.0,0.0,abs_coefficient
feature_3998,0.0,0.0,abs_coefficient
feature_3997,0.0,0.0,abs_coefficient
feature_3983,0.0,0.0,abs_coefficient
feature_3995,0.0,0.0,abs_coefficient
feature_3994,0.0,0.0,abs_coefficient
feature_3993,0.0,0.0,abs_coefficient
feature_3992,0.0,0.0,abs_coefficient
feature_3991,0.0,0.0,abs_coefficient
feature_3990,0.0,0.0,abs_coefficient
feature_3989,0.0,0.0,abs_coefficient
feature_3988,0.0,0.0,abs_coefficient
feature_3987,0.0,0.0,abs_coefficient
feature_3986,0.0,0.0,abs_coefficient
feature_3985,0.0,0.0,abs_coefficient
feature_3984,0.0,0.0,abs_coefficient
feature_3996,0.0,0.0,abs_coefficient
feature_4137,0.0,0.0,abs_coefficient
feature_4136,0.0,0.0,abs_coefficient
feature_4135,0.0,0.0,abs_coefficient
feature_4134,0.0,0.0,abs_coefficient
feature_4133,0.0,0.0,abs_coefficient
feature_4132,0.0,0.0,abs_coefficient
feature_4131,0.0,0.0,abs_coefficient
feature_4130,0.0,0.0,abs_coefficient
feature_4128,0.0,0.0,abs_coefficient
feature_4127,0.0,0.0,abs_coefficient
feature_4126,0.0,0.0,abs_coefficient
feature_4060,0.0,0.0,abs_coefficient
feature_4124,0.0,0.0,abs_coefficient
feature_4123,0.0,0.0,abs_coefficient
feature_4122,0.0,0.0,abs_coefficient
feature_4121,0.0,0.0,abs_coefficient
feature_4120,0.0,0.0,abs_coefficient
feature_4119,0.0,0.0,abs_coefficient
feature_4118,0.0,0.0,abs_coefficient
feature_4117,0.0,0.0,abs_coefficient
feature_4116,0.0,0.0,abs_coefficient
feature_4115,0.0,0.0,abs_coefficient
feature_4114,0.0,0.0,abs_coefficient
feature_4113,0.0,0.0,abs_coefficient
feature_4125,0.0,0.0,abs_coefficient
feature_4163,0.0,0.0,abs_coefficient
feature_4162,0.0,0.0,abs_coefficient
feature_4161,0.0,0.0,abs_coefficient
feature_4160,0.0,0.0,abs_coefficient
feature_4159,0.0,0.0,abs_coefficient
feature_4158,0.0,0.0,abs_coefficient
feature_4157,0.0,0.0,abs_coefficient
feature_4156,0.0,0.0,abs_coefficient
feature_4155,0.0,0.0,abs_coefficient
feature_4154,0.0,0.0,abs_coefficient
feature_4153,0.0,0.0,abs_coefficient
feature_4152,0.0,0.0,abs_coefficient
feature_4138,0.0,0.0,abs_coefficient
feature_4150,0.0,0.0,abs_coefficient
feature_4149,0.0,0.0,abs_coefficient
feature_4148,0.0,0.0,abs_coefficient
feature_4147,0.0,0.0,abs_coefficient
feature_4146,0.0,0.0,abs_coefficient
feature_4145,0.0,0.0,abs_coefficient
feature_4144,0.0,0.0,abs_coefficient
feature_4143,0.0,0.0,abs_coefficient
feature_4142,0.0,0.0,abs_coefficient
feature_4141,0.0,0.0,abs_coefficient
feature_4140,0.0,0.0,abs_coefficient
feature_4139,0.0,0.0,abs_coefficient
feature_4151,0.0,0.0,abs_coefficient
feature_4084,0.0,0.0,abs_coefficient
feature_4083,0.0,0.0,abs_coefficient
feature_4082,0.0,0.0,abs_coefficient
feature_4081,0.0,0.0,abs_coefficient
feature_4080,0.0,0.0,abs_coefficient
feature_4079,0.0,0.0,abs_coefficient
feature_4078,0.0,0.0,abs_coefficient
feature_4077,0.0,0.0,abs_coefficient
feature_4076,0.0,0.0,abs_coefficient
feature_4075,0.0,0.0,abs_coefficient
feature_4074,0.0,0.0,abs_coefficient
feature_4112,0.0,0.0,abs_coefficient
feature_4072,0.0,0.0,abs_coefficient
feature_4071,0.0,0.0,abs_coefficient
feature_4070,0.0,0.0,abs_coefficient
feature_4069,0.0,0.0,abs_coefficient
feature_4068,0.0,0.0,abs_coefficient
feature_4067,0.0,0.0,abs_coefficient
feature_4066,0.0,0.0,abs_coefficient
feature_4065,0.0,0.0,abs_coefficient
feature_4064,0.0,0.0,abs_coefficient
feature_4063,0.0,0.0,abs_coefficient
feature_4062,0.0,0.0,abs_coefficient
feature_4061,0.0,0.0,abs_coefficient
feature_4073,0.0,0.0,abs_coefficient
feature_4111,0.0,0.0,abs_coefficient
feature_4110,0.0,0.0,abs_coefficient
feature_4109,0.0,0.0,abs_coefficient
feature_4108,0.0,0.0,abs_coefficient
feature_4107,0.0,0.0,abs_coefficient
feature_4106,0.0,0.0,abs_coefficient
feature_4105,0.0,0.0,abs_coefficient
feature_4104,0.0,0.0,abs_coefficient
feature_4103,0.0,0.0,abs_coefficient
feature_4102,0.0,0.0,abs_coefficient
feature_4101,0.0,0.0,abs_coefficient
feature_4100,0.0,0.0,abs_coefficient
feature_4085,0.0,0.0,abs_coefficient
feature_4098,0.0,0.0,abs_coefficient
feature_4097,0.0,0.0,abs_coefficient
feature_4096,0.0,0.0,abs_coefficient
feature_4095,0.0,0.0,abs_coefficient
feature_4093,0.0,0.0,abs_coefficient
feature_4092,0.0,0.0,abs_coefficient
feature_4091,0.0,0.0,abs_coefficient
feature_4090,0.0,0.0,abs_coefficient
feature_4089,0.0,0.0,abs_coefficient
feature_4088,0.0,0.0,abs_coefficient
feature_4087,0.0,0.0,abs_coefficient
feature_4086,0.0,0.0,abs_coefficient
feature_4099,0.0,0.0,abs_coefficient
feature_3827,0.0,0.0,abs_coefficient
feature_3826,0.0,0.0,abs_coefficient
feature_3825,0.0,0.0,abs_coefficient
feature_3824,0.0,0.0,abs_coefficient
feature_3823,0.0,0.0,abs_coefficient
feature_3822,0.0,0.0,abs_coefficient
feature_3821,0.0,0.0,abs_coefficient
feature_3820,0.0,0.0,abs_coefficient
feature_3819,0.0,0.0,abs_coefficient
feature_3818,0.0,0.0,abs_coefficient
feature_3817,0.0,0.0,abs_coefficient
feature_3958,0.0,0.0,abs_coefficient
feature_3815,0.0,0.0,abs_coefficient
feature_3814,0.0,0.0,abs_coefficient
feature_3813,0.0,0.0,abs_coefficient
feature_3812,0.0,0.0,abs_coefficient
feature_3811,0.0,0.0,abs_coefficient
feature_3810,0.0,0.0,abs_coefficient
feature_3809,0.0,0.0,abs_coefficient
feature_3808,0.0,0.0,abs_coefficient
feature_3807,0.0,0.0,abs_coefficient
feature_3806,0.0,0.0,abs_coefficient
feature_3805,0.0,0.0,abs_coefficient
feature_3804,0.0,0.0,abs_coefficient
feature_3816,0.0,0.0,abs_coefficient
feature_3853,0.0,0.0,abs_coefficient
feature_3852,0.0,0.0,abs_coefficient
feature_3851,0.0,0.0,abs_coefficient
feature_3850,0.0,0.0,abs_coefficient
feature_3849,0.0,0.0,abs_coefficient
feature_3848,0.0,0.0,abs_coefficient
feature_3847,0.0,0.0,abs_coefficient
feature_3846,0.0,0.0,abs_coefficient
feature_3845,0.0,0.0,abs_coefficient
feature_3844,0.0,0.0,abs_coefficient
feature_3843,0.0,0.0,abs_coefficient
feature_3842,0.0,0.0,abs_coefficient
feature_3828,0.0,0.0,abs_coefficient
feature_3840,0.0,0.0,abs_coefficient
feature_3839,0.0,0.0,abs_coefficient
feature_3838,0.0,0.0,abs_coefficient
feature_3837,0.0,0.0,abs_coefficient
feature_3836,0.0,0.0,abs_coefficient
feature_3835,0.0,0.0,abs_coefficient
feature_3834,0.0,0.0,abs_coefficient
feature_3833,0.0,0.0,abs_coefficient
feature_3832,0.0,0.0,abs_coefficient
feature_3831,0.0,0.0,abs_coefficient
feature_3830,0.0,0.0,abs_coefficient
feature_3829,0.0,0.0,abs_coefficient
feature_3841,0.0,0.0,abs_coefficient
feature_3775,0.0,0.0,abs_coefficient
feature_3774,0.0,0.0,abs_coefficient
feature_3773,0.0,0.0,abs_coefficient
feature_3772,0.0,0.0,abs_coefficient
feature_3771,0.0,0.0,abs_coefficient
feature_3770,0.0,0.0,abs_coefficient
feature_3769,0.0,0.0,abs_coefficient
feature_3768,0.0,0.0,abs_coefficient
feature_3767,0.0,0.0,abs_coefficient
feature_3766,0.0,0.0,abs_coefficient
feature_3765,0.0,0.0,abs_coefficient
feature_3803,0.0,0.0,abs_coefficient
feature_3763,0.0,0.0,abs_coefficient
feature_3762,0.0,0.0,abs_coefficient
feature_3761,0.0,0.0,abs_coefficient
feature_3760,0.0,0.0,abs_coefficient
feature_3759,0.0,0.0,abs_coefficient
feature_3758,0.0,0.0,abs_coefficient
feature_3757,0.0,0.0,abs_coefficient
feature_3756,0.0,0.0,abs_coefficient
feature_3755,0.0,0.0,abs_coefficient
feature_3754,0.0,0.0,abs_coefficient
feature_3753,0.0,0.0,abs_coefficient
feature_3752,0.0,0.0,abs_coefficient
feature_3764,0.0,0.0,abs_coefficient
feature_3802,0.0,0.0,abs_coefficient
feature_3801,0.0,0.0,abs_coefficient
feature_3799,0.0,0.0,abs_coefficient
feature_3798,0.0,0.0,abs_coefficient
feature_3797,0.0,0.0,abs_coefficient
feature_3796,0.0,0.0,abs_coefficient
feature_3795,0.0,0.0,abs_coefficient
feature_3794,0.0,0.0,abs_coefficient
feature_3793,0.0,0.0,abs_coefficient
feature_3792,0.0,0.0,abs_coefficient
feature_3791,0.0,0.0,abs_coefficient
feature_3790,0.0,0.0,abs_coefficient
feature_3776,0.0,0.0,abs_coefficient
feature_3788,0.0,0.0,abs_coefficient
feature_3787,0.0,0.0,abs_coefficient
feature_3786,0.0,0.0,abs_coefficient
feature_3785,0.0,0.0,abs_coefficient
feature_3784,0.0,0.0,abs_coefficient
feature_3783,0.0,0.0,abs_coefficient
feature_3782,0.0,0.0,abs_coefficient
feature_3781,0.0,0.0,abs_coefficient
feature_3780,0.0,0.0,abs_coefficient
feature_3779,0.0,0.0,abs_coefficient
feature_3778,0.0,0.0,abs_coefficient
feature_3777,0.0,0.0,abs_coefficient
feature_3789,0.0,0.0,abs_coefficient
feature_3931,0.0,0.0,abs_coefficient
feature_3930,0.0,0.0,abs_coefficient
feature_3929,0.0,0.0,abs_coefficient
feature_3928,0.0,0.0,abs_coefficient
feature_3927,0.0,0.0,abs_coefficient
feature_3926,0.0,0.0,abs_coefficient
feature_3925,0.0,0.0,abs_coefficient
feature_3924,0.0,0.0,abs_coefficient
feature_3923,0.0,0.0,abs_coefficient
feature_3922,0.0,0.0,abs_coefficient
feature_3921,0.0,0.0,abs_coefficient
feature_3854,0.0,0.0,abs_coefficient
feature_3919,0.0,0.0,abs_coefficient
feature_3918,0.0,0.0,abs_coefficient
feature_3917,0.0,0.0,abs_coefficient
feature_3915,0.0,0.0,abs_coefficient
feature_3914,0.0,0.0,abs_coefficient
feature_3913,0.0,0.0,abs_coefficient
feature_3912,0.0,0.0,abs_coefficient
feature_3911,0.0,0.0,abs_coefficient
feature_3910,0.0,0.0,abs_coefficient
feature_3909,0.0,0.0,abs_coefficient
feature_3908,0.0,0.0,abs_coefficient
feature_3907,0.0,0.0,abs_coefficient
feature_3920,0.0,0.0,abs_coefficient
feature_3957,0.0,0.0,abs_coefficient
feature_3956,0.0,0.0,abs_coefficient
feature_3955,0.0,0.0,abs_coefficient
feature_3954,0.0,0.0,abs_coefficient
feature_3953,0.0,0.0,abs_coefficient
feature_3952,0.0,0.0,abs_coefficient
feature_3951,0.0,0.0,abs_coefficient
feature_3950,0.0,0.0,abs_coefficient
feature_3949,0.0,0.0,abs_coefficient
feature_3948,0.0,0.0,abs_coefficient
feature_3947,0.0,0.0,abs_coefficient
feature_3946,0.0,0.0,abs_coefficient
feature_3932,0.0,0.0,abs_coefficient
feature_3944,0.0,0.0,abs_coefficient
feature_3943,0.0,0.0,abs_coefficient
feature_3942,0.0,0.0,abs_coefficient
feature_3941,0.0,0.0,abs_coefficient
feature_3940,0.0,0.0,abs_coefficient
feature_3939,0.0,0.0,abs_coefficient
feature_3938,0.0,0.0,abs_coefficient
feature_3937,0.0,0.0,abs_coefficient
feature_3936,0.0,0.0,abs_coefficient
feature_3935,0.0,0.0,abs_coefficient
feature_3934,0.0,0.0,abs_coefficient
feature_3933,0.0,0.0,abs_coefficient
feature_3945,0.0,0.0,abs_coefficient
feature_3879,0.0,0.0,abs_coefficient
feature_3878,0.0,0.0,abs_coefficient
feature_3877,0.0,0.0,abs_coefficient
feature_3876,0.0,0.0,abs_coefficient
feature_3875,0.0,0.0,abs_coefficient
feature_3874,0.0,0.0,abs_coefficient
feature_3873,0.0,0.0,abs_coefficient
feature_3872,0.0,0.0,abs_coefficient
feature_3871,0.0,0.0,abs_coefficient
feature_3870,0.0,0.0,abs_coefficient
feature_3869,0.0,0.0,abs_coefficient
feature_3906,0.0,0.0,abs_coefficient
feature_3867,0.0,0.0,abs_coefficient
feature_3866,0.0,0.0,abs_coefficient
feature_3864,0.0,0.0,abs_coefficient
feature_3863,0.0,0.0,abs_coefficient
feature_3862,0.0,0.0,abs_coefficient
feature_3861,0.0,0.0,abs_coefficient
feature_3860,0.0,0.0,abs_coefficient
feature_3859,0.0,0.0,abs_coefficient
feature_3858,0.0,0.0,abs_coefficient
feature_3857,0.0,0.0,abs_coefficient
feature_3856,0.0,0.0,abs_coefficient
feature_3855,0.0,0.0,abs_coefficient
feature_3868,0.0,0.0,abs_coefficient
feature_3905,0.0,0.0,abs_coefficient
feature_3904,0.0,0.0,abs_coefficient
feature_3903,0.0,0.0,abs_coefficient
feature_3902,0.0,0.0,abs_coefficient
feature_3901,0.0,0.0,abs_coefficient
feature_3900,0.0,0.0,abs_coefficient
feature_3899,0.0,0.0,abs_coefficient
feature_3898,0.0,0.0,abs_coefficient
feature_3897,0.0,0.0,abs_coefficient
feature_3896,0.0,0.0,abs_coefficient
feature_3895,0.0,0.0,abs_coefficient
feature_3894,0.0,0.0,abs_coefficient
feature_3880,0.0,0.0,abs_coefficient
feature_3892,0.0,0.0,abs_coefficient
feature_3891,0.0,0.0,abs_coefficient
feature_3890,0.0,0.0,abs_coefficient
feature_3889,0.0,0.0,abs_coefficient
feature_3888,0.0,0.0,abs_coefficient
feature_3887,0.0,0.0,abs_coefficient
feature_3886,0.0,0.0,abs_coefficient
feature_3885,0.0,0.0,abs_coefficient
feature_3884,0.0,0.0,abs_coefficient
feature_3883,0.0,0.0,abs_coefficient
feature_3882,0.0,0.0,abs_coefficient
feature_3881,0.0,0.0,abs_coefficient
feature_3893,0.0,0.0,abs_coefficient
feature_6047,0.0,0.0,abs_coefficient
feature_6046,0.0,0.0,abs_coefficient
feature_6045,0.0,0.0,abs_coefficient
feature_6044,0.0,0.0,abs_coefficient
feature_6043,0.0,0.0,abs_coefficient
feature_6042,0.0,0.0,abs_coefficient
feature_6041,0.0,0.0,abs_coefficient
feature_6040,0.0,0.0,abs_coefficient
feature_6039,0.0,0.0,abs_coefficient
feature_6038,0.0,0.0,abs_coefficient
feature_6037,0.0,0.0,abs_coefficient
feature_4968,0.0,0.0,abs_coefficient
feature_6035,0.0,0.0,abs_coefficient
feature_6034,0.0,0.0,abs_coefficient
feature_6033,0.0,0.0,abs_coefficient
feature_6032,0.0,0.0,abs_coefficient
feature_6031,0.0,0.0,abs_coefficient
feature_6030,0.0,0.0,abs_coefficient
feature_6029,0.0,0.0,abs_coefficient
feature_6028,0.0,0.0,abs_coefficient
feature_6027,0.0,0.0,abs_coefficient
feature_6026,0.0,0.0,abs_coefficient
feature_6025,0.0,0.0,abs_coefficient
feature_6024,0.0,0.0,abs_coefficient
feature_6036,0.0,0.0,abs_coefficient
feature_6072,0.0,0.0,abs_coefficient
feature_6071,0.0,0.0,abs_coefficient
feature_6070,0.0,0.0,abs_coefficient
feature_6069,0.0,0.0,abs_coefficient
feature_6068,0.0,0.0,abs_coefficient
feature_6067,0.0,0.0,abs_coefficient
feature_6066,0.0,0.0,abs_coefficient
feature_6065,0.0,0.0,abs_coefficient
feature_6064,0.0,0.0,abs_coefficient
feature_6063,0.0,0.0,abs_coefficient
feature_6062,0.0,0.0,abs_coefficient
feature_6048,0.0,0.0,abs_coefficient
feature_6060,0.0,0.0,abs_coefficient
feature_6059,0.0,0.0,abs_coefficient
feature_6058,0.0,0.0,abs_coefficient
feature_6057,0.0,0.0,abs_coefficient
feature_6056,0.0,0.0,abs_coefficient
feature_6055,0.0,0.0,abs_coefficient
feature_6054,0.0,0.0,abs_coefficient
feature_6053,0.0,0.0,abs_coefficient
feature_6052,0.0,0.0,abs_coefficient
feature_6051,0.0,0.0,abs_coefficient
feature_6050,0.0,0.0,abs_coefficient
feature_6049,0.0,0.0,abs_coefficient
feature_6061,0.0,0.0,abs_coefficient
feature_5996,0.0,0.0,abs_coefficient
feature_5995,0.0,0.0,abs_coefficient
feature_5994,0.0,0.0,abs_coefficient
feature_5993,0.0,0.0,abs_coefficient
feature_5992,0.0,0.0,abs_coefficient
feature_5991,0.0,0.0,abs_coefficient
feature_5990,0.0,0.0,abs_coefficient
feature_5989,0.0,0.0,abs_coefficient
feature_5988,0.0,0.0,abs_coefficient
feature_5987,0.0,0.0,abs_coefficient
feature_5986,0.0,0.0,abs_coefficient
feature_6023,0.0,0.0,abs_coefficient
feature_5984,0.0,0.0,abs_coefficient
feature_5983,0.0,0.0,abs_coefficient
feature_5982,0.0,0.0,abs_coefficient
feature_5981,0.0,0.0,abs_coefficient
feature_5980,0.0,0.0,abs_coefficient
feature_5978,0.0,0.0,abs_coefficient
feature_5977,0.0,0.0,abs_coefficient
feature_5976,0.0,0.0,abs_coefficient
feature_5975,0.0,0.0,abs_coefficient
feature_5974,0.0,0.0,abs_coefficient
feature_5973,0.0,0.0,abs_coefficient
feature_5972,0.0,0.0,abs_coefficient
feature_5985,0.0,0.0,abs_coefficient
feature_6022,0.0,0.0,abs_coefficient
feature_6021,0.0,0.0,abs_coefficient
feature_6020,0.0,0.0,abs_coefficient
feature_6019,0.0,0.0,abs_coefficient
feature_6018,0.0,0.0,abs_coefficient
feature_6017,0.0,0.0,abs_coefficient
feature_6016,0.0,0.0,abs_coefficient
feature_6015,0.0,0.0,abs_coefficient
feature_6014,0.0,0.0,abs_coefficient
feature_6013,0.0,0.0,abs_coefficient
feature_6012,0.0,0.0,abs_coefficient
feature_6011,0.0,0.0,abs_coefficient
feature_5997,0.0,0.0,abs_coefficient
feature_6009,0.0,0.0,abs_coefficient
feature_6008,0.0,0.0,abs_coefficient
feature_6007,0.0,0.0,abs_coefficient
feature_6006,0.0,0.0,abs_coefficient
feature_6005,0.0,0.0,abs_coefficient
feature_6004,0.0,0.0,abs_coefficient
feature_6003,0.0,0.0,abs_coefficient
feature_6002,0.0,0.0,abs_coefficient
feature_6001,0.0,0.0,abs_coefficient
feature_6000,0.0,0.0,abs_coefficient
feature_5999,0.0,0.0,abs_coefficient
feature_5998,0.0,0.0,abs_coefficient
feature_6010,0.0,0.0,abs_coefficient
feature_6151,0.0,0.0,abs_coefficient
feature_6150,0.0,0.0,abs_coefficient
feature_6149,0.0,0.0,abs_coefficient
feature_6147,0.0,0.0,abs_coefficient
feature_6146,0.0,0.0,abs_coefficient
feature_6145,0.0,0.0,abs_coefficient
feature_6144,0.0,0.0,abs_coefficient
feature_6143,0.0,0.0,abs_coefficient
feature_6142,0.0,0.0,abs_coefficient
feature_6141,0.0,0.0,abs_coefficient
feature_6140,0.0,0.0,abs_coefficient
feature_6073,0.0,0.0,abs_coefficient
feature_6138,0.0,0.0,abs_coefficient
feature_6137,0.0,0.0,abs_coefficient
feature_6136,0.0,0.0,abs_coefficient
feature_6135,0.0,0.0,abs_coefficient
feature_6134,0.0,0.0,abs_coefficient
feature_6133,0.0,0.0,abs_coefficient
feature_6132,0.0,0.0,abs_coefficient
feature_6131,0.0,0.0,abs_coefficient
feature_6130,0.0,0.0,abs_coefficient
feature_6129,0.0,0.0,abs_coefficient
feature_6128,0.0,0.0,abs_coefficient
feature_6127,0.0,0.0,abs_coefficient
feature_6139,0.0,0.0,abs_coefficient
feature_6178,0.0,0.0,abs_coefficient
feature_6177,0.0,0.0,abs_coefficient
feature_6176,0.0,0.0,abs_coefficient
feature_6175,0.0,0.0,abs_coefficient
feature_6174,0.0,0.0,abs_coefficient
feature_6173,0.0,0.0,abs_coefficient
feature_6172,0.0,0.0,abs_coefficient
feature_6171,0.0,0.0,abs_coefficient
feature_6170,0.0,0.0,abs_coefficient
feature_6169,0.0,0.0,abs_coefficient
feature_6168,0.0,0.0,abs_coefficient
feature_6167,0.0,0.0,abs_coefficient
feature_6152,0.0,0.0,abs_coefficient
feature_6165,0.0,0.0,abs_coefficient
feature_6164,0.0,0.0,abs_coefficient
feature_6163,0.0,0.0,abs_coefficient
feature_6162,0.0,0.0,abs_coefficient
feature_6161,0.0,0.0,abs_coefficient
feature_6160,0.0,0.0,abs_coefficient
feature_6159,0.0,0.0,abs_coefficient
feature_6158,0.0,0.0,abs_coefficient
feature_6157,0.0,0.0,abs_coefficient
feature_6155,0.0,0.0,abs_coefficient
feature_6154,0.0,0.0,abs_coefficient
feature_6153,0.0,0.0,abs_coefficient
feature_6166,0.0,0.0,abs_coefficient
feature_6097,0.0,0.0,abs_coefficient
feature_6096,0.0,0.0,abs_coefficient
feature_6095,0.0,0.0,abs_coefficient
feature_6094,0.0,0.0,abs_coefficient
feature_6093,0.0,0.0,abs_coefficient
feature_6092,0.0,0.0,abs_coefficient
feature_6091,0.0,0.0,abs_coefficient
feature_6090,0.0,0.0,abs_coefficient
feature_6089,0.0,0.0,abs_coefficient
feature_6088,0.0,0.0,abs_coefficient
feature_6087,0.0,0.0,abs_coefficient
feature_6126,0.0,0.0,abs_coefficient
feature_6085,0.0,0.0,abs_coefficient
feature_6084,0.0,0.0,abs_coefficient
feature_6083,0.0,0.0,abs_coefficient
feature_6082,0.0,0.0,abs_coefficient
feature_6081,0.0,0.0,abs_coefficient
feature_6080,0.0,0.0,abs_coefficient
feature_6079,0.0,0.0,abs_coefficient
feature_6078,0.0,0.0,abs_coefficient
feature_6077,0.0,0.0,abs_coefficient
feature_6076,0.0,0.0,abs_coefficient
feature_6075,0.0,0.0,abs_coefficient
feature_6074,0.0,0.0,abs_coefficient
feature_6086,0.0,0.0,abs_coefficient
feature_6125,0.0,0.0,abs_coefficient
feature_6124,0.0,0.0,abs_coefficient
feature_6123,0.0,0.0,abs_coefficient
feature_6122,0.0,0.0,abs_coefficient
feature_6121,0.0,0.0,abs_coefficient
feature_6120,0.0,0.0,abs_coefficient
feature_6119,0.0,0.0,abs_coefficient
feature_6118,0.0,0.0,abs_coefficient
feature_6117,0.0,0.0,abs_coefficient
feature_6116,0.0,0.0,abs_coefficient
feature_6115,0.0,0.0,abs_coefficient
feature_6114,0.0,0.0,abs_coefficient
feature_6098,0.0,0.0,abs_coefficient
feature_6112,0.0,0.0,abs_coefficient
feature_6111,0.0,0.0,abs_coefficient
feature_6110,0.0,0.0,abs_coefficient
feature_6109,0.0,0.0,abs_coefficient
feature_6108,0.0,0.0,abs_coefficient
feature_6107,0.0,0.0,abs_coefficient
feature_6106,0.0,0.0,abs_coefficient
feature_6103,0.0,0.0,abs_coefficient
feature_6102,0.0,0.0,abs_coefficient
feature_6101,0.0,0.0,abs_coefficient
feature_6100,0.0,0.0,abs_coefficient
feature_6099,0.0,0.0,abs_coefficient
feature_6113,0.0,0.0,abs_coefficient
feature_5836,0.0,0.0,abs_coefficient
feature_5835,0.0,0.0,abs_coefficient
feature_5834,0.0,0.0,abs_coefficient
feature_5833,0.0,0.0,abs_coefficient
feature_5832,0.0,0.0,abs_coefficient
feature_5831,0.0,0.0,abs_coefficient
feature_5830,0.0,0.0,abs_coefficient
feature_5829,0.0,0.0,abs_coefficient
feature_5828,0.0,0.0,abs_coefficient
feature_5827,0.0,0.0,abs_coefficient
feature_5826,0.0,0.0,abs_coefficient
feature_5971,0.0,0.0,abs_coefficient
feature_5824,0.0,0.0,abs_coefficient
feature_5823,0.0,0.0,abs_coefficient
feature_5822,0.0,0.0,abs_coefficient
feature_5821,0.0,0.0,abs_coefficient
feature_5820,0.0,0.0,abs_coefficient
feature_5819,0.0,0.0,abs_coefficient
feature_5818,0.0,0.0,abs_coefficient
feature_5817,0.0,0.0,abs_coefficient
feature_5816,0.0,0.0,abs_coefficient
feature_5815,0.0,0.0,abs_coefficient
feature_5814,0.0,0.0,abs_coefficient
feature_5813,0.0,0.0,abs_coefficient
feature_5825,0.0,0.0,abs_coefficient
feature_5864,0.0,0.0,abs_coefficient
feature_5863,0.0,0.0,abs_coefficient
feature_5862,0.0,0.0,abs_coefficient
feature_5861,0.0,0.0,abs_coefficient
feature_5860,0.0,0.0,abs_coefficient
feature_5859,0.0,0.0,abs_coefficient
feature_5858,0.0,0.0,abs_coefficient
feature_5857,0.0,0.0,abs_coefficient
feature_5856,0.0,0.0,abs_coefficient
feature_5855,0.0,0.0,abs_coefficient
feature_5853,0.0,0.0,abs_coefficient
feature_5852,0.0,0.0,abs_coefficient
feature_5837,0.0,0.0,abs_coefficient
feature_5850,0.0,0.0,abs_coefficient
feature_5849,0.0,0.0,abs_coefficient
feature_5847,0.0,0.0,abs_coefficient
feature_5846,0.0,0.0,abs_coefficient
feature_5845,0.0,0.0,abs_coefficient
feature_5844,0.0,0.0,abs_coefficient
feature_5843,0.0,0.0,abs_coefficient
feature_5842,0.0,0.0,abs_coefficient
feature_5841,0.0,0.0,abs_coefficient
feature_5840,0.0,0.0,abs_coefficient
feature_5839,0.0,0.0,abs_coefficient
feature_5838,0.0,0.0,abs_coefficient
feature_5851,0.0,0.0,abs_coefficient
feature_5784,0.0,0.0,abs_coefficient
feature_5783,0.0,0.0,abs_coefficient
feature_5782,0.0,0.0,abs_coefficient
feature_5781,0.0,0.0,abs_coefficient
feature_5780,0.0,0.0,abs_coefficient
feature_5779,0.0,0.0,abs_coefficient
feature_5778,0.0,0.0,abs_coefficient
feature_5777,0.0,0.0,abs_coefficient
feature_5776,0.0,0.0,abs_coefficient
feature_5775,0.0,0.0,abs_coefficient
feature_5774,0.0,0.0,abs_coefficient
feature_5812,0.0,0.0,abs_coefficient
feature_5771,0.0,0.0,abs_coefficient
feature_5770,0.0,0.0,abs_coefficient
feature_5769,0.0,0.0,abs_coefficient
feature_5768,0.0,0.0,abs_coefficient
feature_5767,0.0,0.0,abs_coefficient
feature_5766,0.0,0.0,abs_coefficient
feature_5765,0.0,0.0,abs_coefficient
feature_5764,0.0,0.0,abs_coefficient
feature_5763,0.0,0.0,abs_coefficient
feature_5762,0.0,0.0,abs_coefficient
feature_5761,0.0,0.0,abs_coefficient
feature_5760,0.0,0.0,abs_coefficient
feature_5772,0.0,0.0,abs_coefficient
feature_5811,0.0,0.0,abs_coefficient
feature_5810,0.0,0.0,abs_coefficient
feature_5809,0.0,0.0,abs_coefficient
feature_5808,0.0,0.0,abs_coefficient
feature_5807,0.0,0.0,abs_coefficient
feature_5806,0.0,0.0,abs_coefficient
feature_5805,0.0,0.0,abs_coefficient
feature_5804,0.0,0.0,abs_coefficient
feature_5803,0.0,0.0,abs_coefficient
feature_5802,0.0,0.0,abs_coefficient
feature_5801,0.0,0.0,abs_coefficient
feature_5800,0.0,0.0,abs_coefficient
feature_5785,0.0,0.0,abs_coefficient
feature_5798,0.0,0.0,abs_coefficient
feature_5797,0.0,0.0,abs_coefficient
feature_5796,0.0,0.0,abs_coefficient
feature_5795,0.0,0.0,abs_coefficient
feature_5794,0.0,0.0,abs_coefficient
feature_5792,0.0,0.0,abs_coefficient
feature_5791,0.0,0.0,abs_coefficient
feature_5790,0.0,0.0,abs_coefficient
feature_5789,0.0,0.0,abs_coefficient
feature_5788,0.0,0.0,abs_coefficient
feature_5787,0.0,0.0,abs_coefficient
feature_5786,0.0,0.0,abs_coefficient
feature_5799,0.0,0.0,abs_coefficient
feature_5941,0.0,0.0,abs_coefficient
feature_5940,0.0,0.0,abs_coefficient
feature_5939,0.0,0.0,abs_coefficient
feature_5938,0.0,0.0,abs_coefficient
feature_5937,0.0,0.0,abs_coefficient
feature_5936,0.0,0.0,abs_coefficient
feature_5935,0.0,0.0,abs_coefficient
feature_5934,0.0,0.0,abs_coefficient
feature_5933,0.0,0.0,abs_coefficient
feature_5932,0.0,0.0,abs_coefficient
feature_5931,0.0,0.0,abs_coefficient
feature_5865,0.0,0.0,abs_coefficient
feature_5929,0.0,0.0,abs_coefficient
feature_5928,0.0,0.0,abs_coefficient
feature_5927,0.0,0.0,abs_coefficient
feature_5926,0.0,0.0,abs_coefficient
feature_5925,0.0,0.0,abs_coefficient
feature_5924,0.0,0.0,abs_coefficient
feature_5923,0.0,0.0,abs_coefficient
feature_5922,0.0,0.0,abs_coefficient
feature_5921,0.0,0.0,abs_coefficient
feature_5920,0.0,0.0,abs_coefficient
feature_5919,0.0,0.0,abs_coefficient
feature_5918,0.0,0.0,abs_coefficient
feature_5930,0.0,0.0,abs_coefficient
feature_5970,0.0,0.0,abs_coefficient
feature_5969,0.0,0.0,abs_coefficient
feature_5968,0.0,0.0,abs_coefficient
feature_5967,0.0,0.0,abs_coefficient
feature_5966,0.0,0.0,abs_coefficient
feature_5965,0.0,0.0,abs_coefficient
feature_5963,0.0,0.0,abs_coefficient
feature_5961,0.0,0.0,abs_coefficient
feature_5960,0.0,0.0,abs_coefficient
feature_5959,0.0,0.0,abs_coefficient
feature_5958,0.0,0.0,abs_coefficient
feature_5957,0.0,0.0,abs_coefficient
feature_5942,0.0,0.0,abs_coefficient
feature_5955,0.0,0.0,abs_coefficient
feature_5954,0.0,0.0,abs_coefficient
feature_5953,0.0,0.0,abs_coefficient
feature_5952,0.0,0.0,abs_coefficient
feature_5951,0.0,0.0,abs_coefficient
feature_5950,0.0,0.0,abs_coefficient
feature_5949,0.0,0.0,abs_coefficient
feature_5948,0.0,0.0,abs_coefficient
feature_5947,0.0,0.0,abs_coefficient
feature_5946,0.0,0.0,abs_coefficient
feature_5944,0.0,0.0,abs_coefficient
feature_5943,0.0,0.0,abs_coefficient
feature_5956,0.0,0.0,abs_coefficient
feature_5890,0.0,0.0,abs_coefficient
feature_5889,0.0,0.0,abs_coefficient
feature_5888,0.0,0.0,abs_coefficient
feature_5887,0.0,0.0,abs_coefficient
feature_5886,0.0,0.0,abs_coefficient
feature_5885,0.0,0.0,abs_coefficient
feature_5884,0.0,0.0,abs_coefficient
feature_5883,0.0,0.0,abs_coefficient
feature_5882,0.0,0.0,abs_coefficient
feature_5881,0.0,0.0,abs_coefficient
feature_5879,0.0,0.0,abs_coefficient
feature_5917,0.0,0.0,abs_coefficient
feature_5877,0.0,0.0,abs_coefficient
feature_5876,0.0,0.0,abs_coefficient
feature_5875,0.0,0.0,abs_coefficient
feature_5874,0.0,0.0,abs_coefficient
feature_5873,0.0,0.0,abs_coefficient
feature_5872,0.0,0.0,abs_coefficient
feature_5871,0.0,0.0,abs_coefficient
feature_5870,0.0,0.0,abs_coefficient
feature_5869,0.0,0.0,abs_coefficient
feature_5868,0.0,0.0,abs_coefficient
feature_5867,0.0,0.0,abs_coefficient
feature_5866,0.0,0.0,abs_coefficient
feature_5878,0.0,0.0,abs_coefficient
feature_5916,0.0,0.0,abs_coefficient
feature_5915,0.0,0.0,abs_coefficient
feature_5914,0.0,0.0,abs_coefficient
feature_5913,0.0,0.0,abs_coefficient
feature_5912,0.0,0.0,abs_coefficient
feature_5911,0.0,0.0,abs_coefficient
feature_5910,0.0,0.0,abs_coefficient
feature_5909,0.0,0.0,abs_coefficient
feature_5908,0.0,0.0,abs_coefficient
feature_5907,0.0,0.0,abs_coefficient
feature_5906,0.0,0.0,abs_coefficient
feature_5905,0.0,0.0,abs_coefficient
feature_5891,0.0,0.0,abs_coefficient
feature_5903,0.0,0.0,abs_coefficient
feature_5902,0.0,0.0,abs_coefficient
feature_5901,0.0,0.0,abs_coefficient
feature_5900,0.0,0.0,abs_coefficient
feature_5899,0.0,0.0,abs_coefficient
feature_5898,0.0,0.0,abs_coefficient
feature_5897,0.0,0.0,abs_coefficient
feature_5896,0.0,0.0,abs_coefficient
feature_5895,0.0,0.0,abs_coefficient
feature_5894,0.0,0.0,abs_coefficient
feature_5893,0.0,0.0,abs_coefficient
feature_5892,0.0,0.0,abs_coefficient
feature_5904,0.0,0.0,abs_coefficient
feature_6464,0.0,0.0,abs_coefficient
feature_6463,0.0,0.0,abs_coefficient
feature_6462,0.0,0.0,abs_coefficient
feature_6461,0.0,0.0,abs_coefficient
feature_6460,0.0,0.0,abs_coefficient
feature_6459,0.0,0.0,abs_coefficient
feature_6458,0.0,0.0,abs_coefficient
feature_6457,0.0,0.0,abs_coefficient
feature_6456,0.0,0.0,abs_coefficient
feature_6455,0.0,0.0,abs_coefficient
feature_6454,0.0,0.0,abs_coefficient
feature_6179,0.0,0.0,abs_coefficient
feature_6452,0.0,0.0,abs_coefficient
feature_6451,0.0,0.0,abs_coefficient
feature_6450,0.0,0.0,abs_coefficient
feature_6449,0.0,0.0,abs_coefficient
feature_6448,0.0,0.0,abs_coefficient
feature_6447,0.0,0.0,abs_coefficient
feature_6446,0.0,0.0,abs_coefficient
feature_6445,0.0,0.0,abs_coefficient
feature_6444,0.0,0.0,abs_coefficient
feature_6443,0.0,0.0,abs_coefficient
feature_6442,0.0,0.0,abs_coefficient
feature_6441,0.0,0.0,abs_coefficient
feature_6453,0.0,0.0,abs_coefficient
feature_6489,0.0,0.0,abs_coefficient
feature_6488,0.0,0.0,abs_coefficient
feature_6487,0.0,0.0,abs_coefficient
feature_6486,0.0,0.0,abs_coefficient
feature_6485,0.0,0.0,abs_coefficient
feature_6484,0.0,0.0,abs_coefficient
feature_6483,0.0,0.0,abs_coefficient
feature_6482,0.0,0.0,abs_coefficient
feature_6481,0.0,0.0,abs_coefficient
feature_6480,0.0,0.0,abs_coefficient
feature_6479,0.0,0.0,abs_coefficient
feature_6465,0.0,0.0,abs_coefficient
feature_6477,0.0,0.0,abs_coefficient
feature_6476,0.0,0.0,abs_coefficient
feature_6475,0.0,0.0,abs_coefficient
feature_6474,0.0,0.0,abs_coefficient
feature_6473,0.0,0.0,abs_coefficient
feature_6472,0.0,0.0,abs_coefficient
feature_6471,0.0,0.0,abs_coefficient
feature_6470,0.0,0.0,abs_coefficient
feature_6469,0.0,0.0,abs_coefficient
feature_6468,0.0,0.0,abs_coefficient
feature_6467,0.0,0.0,abs_coefficient
feature_6466,0.0,0.0,abs_coefficient
feature_6478,0.0,0.0,abs_coefficient
feature_6412,0.0,0.0,abs_coefficient
feature_6411,0.0,0.0,abs_coefficient
feature_6410,0.0,0.0,abs_coefficient
feature_6409,0.0,0.0,abs_coefficient
feature_6408,0.0,0.0,abs_coefficient
feature_6407,0.0,0.0,abs_coefficient
feature_6406,0.0,0.0,abs_coefficient
feature_6405,0.0,0.0,abs_coefficient
feature_6404,0.0,0.0,abs_coefficient
feature_6403,0.0,0.0,abs_coefficient
feature_6402,0.0,0.0,abs_coefficient
feature_6440,0.0,0.0,abs_coefficient
feature_6400,0.0,0.0,abs_coefficient
feature_6399,0.0,0.0,abs_coefficient
feature_6398,0.0,0.0,abs_coefficient
feature_6397,0.0,0.0,abs_coefficient
feature_6396,0.0,0.0,abs_coefficient
feature_6395,0.0,0.0,abs_coefficient
feature_6394,0.0,0.0,abs_coefficient
feature_6393,0.0,0.0,abs_coefficient
feature_6392,0.0,0.0,abs_coefficient
feature_6391,0.0,0.0,abs_coefficient
feature_6390,0.0,0.0,abs_coefficient
feature_6389,0.0,0.0,abs_coefficient
feature_6401,0.0,0.0,abs_coefficient
feature_6439,0.0,0.0,abs_coefficient
feature_6438,0.0,0.0,abs_coefficient
feature_6437,0.0,0.0,abs_coefficient
feature_6436,0.0,0.0,abs_coefficient
feature_6435,0.0,0.0,abs_coefficient
feature_6434,0.0,0.0,abs_coefficient
feature_6433,0.0,0.0,abs_coefficient
feature_6432,0.0,0.0,abs_coefficient
feature_6431,0.0,0.0,abs_coefficient
feature_6430,0.0,0.0,abs_coefficient
feature_6429,0.0,0.0,abs_coefficient
feature_6428,0.0,0.0,abs_coefficient
feature_6413,0.0,0.0,abs_coefficient
feature_6426,0.0,0.0,abs_coefficient
feature_6425,0.0,0.0,abs_coefficient
feature_6424,0.0,0.0,abs_coefficient
feature_6423,0.0,0.0,abs_coefficient
feature_6422,0.0,0.0,abs_coefficient
feature_6421,0.0,0.0,abs_coefficient
feature_6420,0.0,0.0,abs_coefficient
feature_6418,0.0,0.0,abs_coefficient
feature_6417,0.0,0.0,abs_coefficient
feature_6416,0.0,0.0,abs_coefficient
feature_6415,0.0,0.0,abs_coefficient
feature_6414,0.0,0.0,abs_coefficient
feature_6427,0.0,0.0,abs_coefficient
feature_6566,0.0,0.0,abs_coefficient
feature_6565,0.0,0.0,abs_coefficient
feature_6564,0.0,0.0,abs_coefficient
feature_0001,0.0,0.0,abs_coefficient
feature_6562,0.0,0.0,abs_coefficient
feature_6561,0.0,0.0,abs_coefficient
feature_6560,0.0,0.0,abs_coefficient
feature_6559,0.0,0.0,abs_coefficient
feature_6558,0.0,0.0,abs_coefficient
feature_6557,0.0,0.0,abs_coefficient
feature_6556,0.0,0.0,abs_coefficient
feature_6490,0.0,0.0,abs_coefficient
feature_6554,0.0,0.0,abs_coefficient
feature_6553,0.0,0.0,abs_coefficient
feature_6552,0.0,0.0,abs_coefficient
feature_6551,0.0,0.0,abs_coefficient
feature_6550,0.0,0.0,abs_coefficient
feature_6549,0.0,0.0,abs_coefficient
feature_6548,0.0,0.0,abs_coefficient
feature_6547,0.0,0.0,abs_coefficient
feature_6546,0.0,0.0,abs_coefficient
feature_6545,0.0,0.0,abs_coefficient
feature_6544,0.0,0.0,abs_coefficient
feature_6543,0.0,0.0,abs_coefficient
feature_6555,0.0,0.0,abs_coefficient
sex,0.0,0.0,abs_coefficient
age,0.0,0.0,abs_coefficient
feature_6592,0.0,0.0,abs_coefficient
feature_6591,0.0,0.0,abs_coefficient
feature_6590,0.0,0.0,abs_coefficient
feature_6589,0.0,0.0,abs_coefficient
feature_6588,0.0,0.0,abs_coefficient
feature_6586,0.0,0.0,abs_coefficient
feature_6585,0.0,0.0,abs_coefficient
feature_6584,0.0,0.0,abs_coefficient
feature_6583,0.0,0.0,abs_coefficient
feature_6582,0.0,0.0,abs_coefficient
feature_6567,0.0,0.0,abs_coefficient
feature_6580,0.0,0.0,abs_coefficient
feature_6579,0.0,0.0,abs_coefficient
feature_6578,0.0,0.0,abs_coefficient
feature_6577,0.0,0.0,abs_coefficient
feature_6576,0.0,0.0,abs_coefficient
feature_6575,0.0,0.0,abs_coefficient
feature_6574,0.0,0.0,abs_coefficient
feature_6573,0.0,0.0,abs_coefficient
feature_6572,0.0,0.0,abs_coefficient
baseline_egfr_23,0.0,0.0,abs_coefficient
feature_6570,0.0,0.0,abs_coefficient
feature_6569,0.0,0.0,abs_coefficient
feature_6581,0.0,0.0,abs_coefficient
feature_6514,0.0,0.0,abs_coefficient
feature_6513,0.0,0.0,abs_coefficient
feature_6512,0.0,0.0,abs_coefficient
feature_6511,0.0,0.0,abs_coefficient
feature_6510,0.0,0.0,abs_coefficient
feature_6509,0.0,0.0,abs_coefficient
feature_6508,0.0,0.0,abs_coefficient
feature_6507,0.0,0.0,abs_coefficient
feature_6506,0.0,0.0,abs_coefficient
feature_6505,0.0,0.0,abs_coefficient
feature_6504,0.0,0.0,abs_coefficient
feature_6541,0.0,0.0,abs_coefficient
feature_6502,0.0,0.0,abs_coefficient
feature_6501,0.0,0.0,abs_coefficient
feature_6500,0.0,0.0,abs_coefficient
feature_6499,0.0,0.0,abs_coefficient
feature_6498,0.0,0.0,abs_coefficient
feature_6497,0.0,0.0,abs_coefficient
feature_6496,0.0,0.0,abs_coefficient
feature_6495,0.0,0.0,abs_coefficient
feature_6494,0.0,0.0,abs_coefficient
feature_6493,0.0,0.0,abs_coefficient
feature_6492,0.0,0.0,abs_coefficient
feature_6491,0.0,0.0,abs_coefficient
feature_6503,0.0,0.0,abs_coefficient
feature_6540,0.0,0.0,abs_coefficient
feature_6563,0.0,0.0,abs_coefficient
feature_6538,0.0,0.0,abs_coefficient
feature_6537,0.0,0.0,abs_coefficient
feature_6536,0.0,0.0,abs_coefficient
feature_6535,0.0,0.0,abs_coefficient
feature_6534,0.0,0.0,abs_coefficient
feature_6533,0.0,0.0,abs_coefficient
feature_6532,0.0,0.0,abs_coefficient
feature_6531,0.0,0.0,abs_coefficient
feature_6530,0.0,0.0,abs_coefficient
feature_6529,0.0,0.0,abs_coefficient
feature_6515,0.0,0.0,abs_coefficient
feature_6527,0.0,0.0,abs_coefficient
feature_6526,0.0,0.0,abs_coefficient
feature_6525,0.0,0.0,abs_coefficient
feature_6524,0.0,0.0,abs_coefficient
feature_6523,0.0,0.0,abs_coefficient
feature_6522,0.0,0.0,abs_coefficient
feature_6521,0.0,0.0,abs_coefficient
feature_6520,0.0,0.0,abs_coefficient
feature_6519,0.0,0.0,abs_coefficient
feature_6518,0.0,0.0,abs_coefficient
feature_6517,0.0,0.0,abs_coefficient
feature_6516,0.0,0.0,abs_coefficient
feature_6528,0.0,0.0,abs_coefficient
feature_6256,0.0,0.0,abs_coefficient
feature_6255,0.0,0.0,abs_coefficient
feature_6254,0.0,0.0,abs_coefficient
feature_6253,0.0,0.0,abs_coefficient
feature_6252,0.0,0.0,abs_coefficient
feature_6251,0.0,0.0,abs_coefficient
feature_6250,0.0,0.0,abs_coefficient
feature_6249,0.0,0.0,abs_coefficient
feature_6248,0.0,0.0,abs_coefficient
feature_6247,0.0,0.0,abs_coefficient
feature_6246,0.0,0.0,abs_coefficient
feature_6388,0.0,0.0,abs_coefficient
feature_6244,0.0,0.0,abs_coefficient
feature_6243,0.0,0.0,abs_coefficient
feature_6242,0.0,0.0,abs_coefficient
feature_6241,0.0,0.0,abs_coefficient
feature_6240,0.0,0.0,abs_coefficient
feature_6239,0.0,0.0,abs_coefficient
feature_6238,0.0,0.0,abs_coefficient
feature_6237,0.0,0.0,abs_coefficient
feature_6236,0.0,0.0,abs_coefficient
feature_6234,0.0,0.0,abs_coefficient
feature_6233,0.0,0.0,abs_coefficient
feature_6232,0.0,0.0,abs_coefficient
feature_6245,0.0,0.0,abs_coefficient
feature_6282,0.0,0.0,abs_coefficient
feature_6281,0.0,0.0,abs_coefficient
feature_6280,0.0,0.0,abs_coefficient
feature_6279,0.0,0.0,abs_coefficient
feature_6278,0.0,0.0,abs_coefficient
feature_6277,0.0,0.0,abs_coefficient
feature_6276,0.0,0.0,abs_coefficient
feature_6275,0.0,0.0,abs_coefficient
feature_6274,0.0,0.0,abs_coefficient
feature_6273,0.0,0.0,abs_coefficient
feature_6272,0.0,0.0,abs_coefficient
feature_6271,0.0,0.0,abs_coefficient
feature_6257,0.0,0.0,abs_coefficient
feature_6269,0.0,0.0,abs_coefficient
feature_6268,0.0,0.0,abs_coefficient
feature_6267,0.0,0.0,abs_coefficient
feature_6266,0.0,0.0,abs_coefficient
feature_6265,0.0,0.0,abs_coefficient
feature_6264,0.0,0.0,abs_coefficient
feature_6263,0.0,0.0,abs_coefficient
feature_6262,0.0,0.0,abs_coefficient
feature_6261,0.0,0.0,abs_coefficient
feature_6260,0.0,0.0,abs_coefficient
feature_6259,0.0,0.0,abs_coefficient
feature_6258,0.0,0.0,abs_coefficient
feature_6270,0.0,0.0,abs_coefficient
feature_6204,0.0,0.0,abs_coefficient
feature_6203,0.0,0.0,abs_coefficient
feature_6202,0.0,0.0,abs_coefficient
feature_6201,0.0,0.0,abs_coefficient
feature_6200,0.0,0.0,abs_coefficient
feature_6199,0.0,0.0,abs_coefficient
feature_6197,0.0,0.0,abs_coefficient
feature_6196,0.0,0.0,abs_coefficient
feature_6195,0.0,0.0,abs_coefficient
feature_6194,0.0,0.0,abs_coefficient
feature_6193,0.0,0.0,abs_coefficient
feature_6231,0.0,0.0,abs_coefficient
feature_6191,0.0,0.0,abs_coefficient
feature_6190,0.0,0.0,abs_coefficient
feature_6189,0.0,0.0,abs_coefficient
feature_6188,0.0,0.0,abs_coefficient
feature_6187,0.0,0.0,abs_coefficient
feature_6186,0.0,0.0,abs_coefficient
feature_6185,0.0,0.0,abs_coefficient
feature_6184,0.0,0.0,abs_coefficient
feature_6183,0.0,0.0,abs_coefficient
feature_6182,0.0,0.0,abs_coefficient
feature_6181,0.0,0.0,abs_coefficient
feature_6180,0.0,0.0,abs_coefficient
feature_6192,0.0,0.0,abs_coefficient
feature_6230,0.0,0.0,abs_coefficient
feature_6229,0.0,0.0,abs_coefficient
feature_6228,0.0,0.0,abs_coefficient
feature_6227,0.0,0.0,abs_coefficient
feature_6226,0.0,0.0,abs_coefficient
feature_6225,0.0,0.0,abs_coefficient
feature_6224,0.0,0.0,abs_coefficient
feature_6223,0.0,0.0,abs_coefficient
feature_6222,0.0,0.0,abs_coefficient
feature_6221,0.0,0.0,abs_coefficient
feature_6220,0.0,0.0,abs_coefficient
feature_6219,0.0,0.0,abs_coefficient
feature_6205,0.0,0.0,abs_coefficient
feature_6217,0.0,0.0,abs_coefficient
feature_6216,0.0,0.0,abs_coefficient
feature_6215,0.0,0.0,abs_coefficient
feature_6214,0.0,0.0,abs_coefficient
feature_6213,0.0,0.0,abs_coefficient
feature_6212,0.0,0.0,abs_coefficient
feature_6211,0.0,0.0,abs_coefficient
feature_6210,0.0,0.0,abs_coefficient
feature_6209,0.0,0.0,abs_coefficient
feature_6208,0.0,0.0,abs_coefficient
feature_6207,0.0,0.0,abs_coefficient
feature_6206,0.0,0.0,abs_coefficient
feature_6218,0.0,0.0,abs_coefficient
feature_6361,0.0,0.0,abs_coefficient
feature_6360,0.0,0.0,abs_coefficient
feature_6359,0.0,0.0,abs_coefficient
feature_6358,0.0,0.0,abs_coefficient
feature_6357,0.0,0.0,abs_coefficient
feature_6356,0.0,0.0,abs_coefficient
feature_6355,0.0,0.0,abs_coefficient
feature_6354,0.0,0.0,abs_coefficient
feature_6352,0.0,0.0,abs_coefficient
feature_6351,0.0,0.0,abs_coefficient
feature_6350,0.0,0.0,abs_coefficient
feature_6283,0.0,0.0,abs_coefficient
feature_6348,0.0,0.0,abs_coefficient
feature_6347,0.0,0.0,abs_coefficient
feature_6346,0.0,0.0,abs_coefficient
feature_6345,0.0,0.0,abs_coefficient
feature_6344,0.0,0.0,abs_coefficient
feature_6343,0.0,0.0,abs_coefficient
feature_6342,0.0,0.0,abs_coefficient
feature_6341,0.0,0.0,abs_coefficient
feature_6340,0.0,0.0,abs_coefficient
feature_6339,0.0,0.0,abs_coefficient
feature_6338,0.0,0.0,abs_coefficient
feature_6337,0.0,0.0,abs_coefficient
feature_6349,0.0,0.0,abs_coefficient
feature_6387,0.0,0.0,abs_coefficient
feature_6386,0.0,0.0,abs_coefficient
feature_6385,0.0,0.0,abs_coefficient
feature_6384,0.0,0.0,abs_coefficient
feature_6383,0.0,0.0,abs_coefficient
feature_6382,0.0,0.0,abs_coefficient
feature_6381,0.0,0.0,abs_coefficient
feature_6380,0.0,0.0,abs_coefficient
feature_6379,0.0,0.0,abs_coefficient
feature_6378,0.0,0.0,abs_coefficient
feature_6377,0.0,0.0,abs_coefficient
feature_6376,0.0,0.0,abs_coefficient
feature_6362,0.0,0.0,abs_coefficient
feature_6374,0.0,0.0,abs_coefficient
feature_6373,0.0,0.0,abs_coefficient
feature_6372,0.0,0.0,abs_coefficient
feature_6371,0.0,0.0,abs_coefficient
feature_6370,0.0,0.0,abs_coefficient
feature_6369,0.0,0.0,abs_coefficient
feature_6368,0.0,0.0,abs_coefficient
feature_6367,0.0,0.0,abs_coefficient
feature_6366,0.0,0.0,abs_coefficient
feature_6365,0.0,0.0,abs_coefficient
feature_6364,0.0,0.0,abs_coefficient
feature_6363,0.0,0.0,abs_coefficient
feature_6375,0.0,0.0,abs_coefficient
feature_6307,0.0,0.0,abs_coefficient
feature_6306,0.0,0.0,abs_coefficient
feature_6305,0.0,0.0,abs_coefficient
feature_6304,0.0,0.0,abs_coefficient
feature_6303,0.0,0.0,abs_coefficient
feature_6302,0.0,0.0,abs_coefficient
feature_6301,0.0,0.0,abs_coefficient
feature_6300,0.0,0.0,abs_coefficient
feature_6299,0.0,0.0,abs_coefficient
feature_6298,0.0,0.0,abs_coefficient
feature_6297,0.0,0.0,abs_coefficient
feature_6336,0.0,0.0,abs_coefficient
feature_6295,0.0,0.0,abs_coefficient
feature_6294,0.0,0.0,abs_coefficient
feature_6293,0.0,0.0,abs_coefficient
feature_6292,0.0,0.0,abs_coefficient
feature_6291,0.0,0.0,abs_coefficient
feature_6290,0.0,0.0,abs_coefficient
feature_6289,0.0,0.0,abs_coefficient
feature_6288,0.0,0.0,abs_coefficient
feature_6287,0.0,0.0,abs_coefficient
feature_6286,0.0,0.0,abs_coefficient
feature_6285,0.0,0.0,abs_coefficient
feature_6284,0.0,0.0,abs_coefficient
feature_6296,0.0,0.0,abs_coefficient
feature_6335,0.0,0.0,abs_coefficient
feature_6334,0.0,0.0,abs_coefficient
feature_6332,0.0,0.0,abs_coefficient
feature_6331,0.0,0.0,abs_coefficient
feature_6330,0.0,0.0,abs_coefficient
feature_6329,0.0,0.0,abs_coefficient
feature_6328,0.0,0.0,abs_coefficient
feature_6327,0.0,0.0,abs_coefficient
feature_6326,0.0,0.0,abs_coefficient
feature_6325,0.0,0.0,abs_coefficient
feature_6324,0.0,0.0,abs_coefficient
feature_6323,0.0,0.0,abs_coefficient
feature_6308,0.0,0.0,abs_coefficient
feature_6321,0.0,0.0,abs_coefficient
feature_6320,0.0,0.0,abs_coefficient
feature_6318,0.0,0.0,abs_coefficient
feature_6317,0.0,0.0,abs_coefficient
feature_6316,0.0,0.0,abs_coefficient
feature_6315,0.0,0.0,abs_coefficient
feature_6314,0.0,0.0,abs_coefficient
feature_6313,0.0,0.0,abs_coefficient
feature_6312,0.0,0.0,abs_coefficient
feature_6311,0.0,0.0,abs_coefficient
feature_6310,0.0,0.0,abs_coefficient
feature_6309,0.0,0.0,abs_coefficient
feature_6322,0.0,0.0,abs_coefficient
feature_5212,0.0,0.0,abs_coefficient
feature_5211,0.0,0.0,abs_coefficient
feature_5210,0.0,0.0,abs_coefficient
feature_5209,0.0,0.0,abs_coefficient
feature_5208,0.0,0.0,abs_coefficient
feature_5207,0.0,0.0,abs_coefficient
feature_5206,0.0,0.0,abs_coefficient
feature_5205,0.0,0.0,abs_coefficient
feature_5204,0.0,0.0,abs_coefficient
feature_5203,0.0,0.0,abs_coefficient
feature_5202,0.0,0.0,abs_coefficient
feature_5759,0.0,0.0,abs_coefficient
feature_5199,0.0,0.0,abs_coefficient
feature_5198,0.0,0.0,abs_coefficient
feature_5197,0.0,0.0,abs_coefficient
feature_5196,0.0,0.0,abs_coefficient
feature_5195,0.0,0.0,abs_coefficient
feature_5194,0.0,0.0,abs_coefficient
feature_5193,0.0,0.0,abs_coefficient
feature_5192,0.0,0.0,abs_coefficient
feature_5191,0.0,0.0,abs_coefficient
feature_5190,0.0,0.0,abs_coefficient
feature_5189,0.0,0.0,abs_coefficient
feature_5188,0.0,0.0,abs_coefficient
feature_5200,0.0,0.0,abs_coefficient
feature_5237,0.0,0.0,abs_coefficient
feature_5236,0.0,0.0,abs_coefficient
feature_5235,0.0,0.0,abs_coefficient
feature_5234,0.0,0.0,abs_coefficient
feature_5233,0.0,0.0,abs_coefficient
feature_5232,0.0,0.0,abs_coefficient
feature_5231,0.0,0.0,abs_coefficient
feature_5230,0.0,0.0,abs_coefficient
feature_5229,0.0,0.0,abs_coefficient
feature_5228,0.0,0.0,abs_coefficient
feature_5227,0.0,0.0,abs_coefficient
feature_5213,0.0,0.0,abs_coefficient
feature_5225,0.0,0.0,abs_coefficient
feature_5224,0.0,0.0,abs_coefficient
feature_5223,0.0,0.0,abs_coefficient
feature_5222,0.0,0.0,abs_coefficient
feature_5221,0.0,0.0,abs_coefficient
feature_5220,0.0,0.0,abs_coefficient
feature_5219,0.0,0.0,abs_coefficient
feature_5218,0.0,0.0,abs_coefficient
feature_5217,0.0,0.0,abs_coefficient
feature_5216,0.0,0.0,abs_coefficient
feature_5215,0.0,0.0,abs_coefficient
feature_5214,0.0,0.0,abs_coefficient
feature_5226,0.0,0.0,abs_coefficient
feature_5159,0.0,0.0,abs_coefficient
feature_5158,0.0,0.0,abs_coefficient
feature_5157,0.0,0.0,abs_coefficient
feature_5156,0.0,0.0,abs_coefficient
feature_5155,0.0,0.0,abs_coefficient
feature_5154,0.0,0.0,abs_coefficient
feature_5153,0.0,0.0,abs_coefficient
feature_5152,0.0,0.0,abs_coefficient
feature_5151,0.0,0.0,abs_coefficient
feature_5150,0.0,0.0,abs_coefficient
feature_5149,0.0,0.0,abs_coefficient
feature_5187,0.0,0.0,abs_coefficient
feature_5147,0.0,0.0,abs_coefficient
feature_5146,0.0,0.0,abs_coefficient
feature_5145,0.0,0.0,abs_coefficient
feature_5144,0.0,0.0,abs_coefficient
feature_5143,0.0,0.0,abs_coefficient
feature_5142,0.0,0.0,abs_coefficient
feature_5141,0.0,0.0,abs_coefficient
feature_5140,0.0,0.0,abs_coefficient
feature_5139,0.0,0.0,abs_coefficient
feature_5138,0.0,0.0,abs_coefficient
feature_5137,0.0,0.0,abs_coefficient
feature_5136,0.0,0.0,abs_coefficient
feature_5148,0.0,0.0,abs_coefficient
feature_5186,0.0,0.0,abs_coefficient
feature_5185,0.0,0.0,abs_coefficient
feature_5183,0.0,0.0,abs_coefficient
feature_5182,0.0,0.0,abs_coefficient
feature_5181,0.0,0.0,abs_coefficient
feature_5180,0.0,0.0,abs_coefficient
feature_5179,0.0,0.0,abs_coefficient
feature_5178,0.0,0.0,abs_coefficient
feature_5177,0.0,0.0,abs_coefficient
feature_5176,0.0,0.0,abs_coefficient
feature_5175,0.0,0.0,abs_coefficient
feature_5174,0.0,0.0,abs_coefficient
feature_5160,0.0,0.0,abs_coefficient
feature_5172,0.0,0.0,abs_coefficient
feature_5171,0.0,0.0,abs_coefficient
feature_5170,0.0,0.0,abs_coefficient
feature_5169,0.0,0.0,abs_coefficient
feature_5168,0.0,0.0,abs_coefficient
feature_5167,0.0,0.0,abs_coefficient
feature_5166,0.0,0.0,abs_coefficient
feature_5165,0.0,0.0,abs_coefficient
feature_5164,0.0,0.0,abs_coefficient
feature_5163,0.0,0.0,abs_coefficient
feature_5162,0.0,0.0,abs_coefficient
feature_5161,0.0,0.0,abs_coefficient
feature_5173,0.0,0.0,abs_coefficient
feature_5314,0.0,0.0,abs_coefficient
feature_5313,0.0,0.0,abs_coefficient
feature_5312,0.0,0.0,abs_coefficient
feature_5311,0.0,0.0,abs_coefficient
feature_5310,0.0,0.0,abs_coefficient
feature_5309,0.0,0.0,abs_coefficient
feature_5308,0.0,0.0,abs_coefficient
feature_5307,0.0,0.0,abs_coefficient
feature_5306,0.0,0.0,abs_coefficient
feature_5305,0.0,0.0,abs_coefficient
feature_5304,0.0,0.0,abs_coefficient
feature_5238,0.0,0.0,abs_coefficient
feature_5302,0.0,0.0,abs_coefficient
feature_5301,0.0,0.0,abs_coefficient
feature_5300,0.0,0.0,abs_coefficient
feature_5299,0.0,0.0,abs_coefficient
feature_5298,0.0,0.0,abs_coefficient
feature_5297,0.0,0.0,abs_coefficient
feature_5296,0.0,0.0,abs_coefficient
feature_5295,0.0,0.0,abs_coefficient
feature_5294,0.0,0.0,abs_coefficient
feature_5293,0.0,0.0,abs_coefficient
feature_5292,0.0,0.0,abs_coefficient
feature_5291,0.0,0.0,abs_coefficient
feature_5303,0.0,0.0,abs_coefficient
feature_5341,0.0,0.0,abs_coefficient
feature_5340,0.0,0.0,abs_coefficient
feature_5339,0.0,0.0,abs_coefficient
feature_5338,0.0,0.0,abs_coefficient
feature_5337,0.0,0.0,abs_coefficient
feature_5336,0.0,0.0,abs_coefficient
feature_5335,0.0,0.0,abs_coefficient
feature_5334,0.0,0.0,abs_coefficient
feature_5333,0.0,0.0,abs_coefficient
feature_5332,0.0,0.0,abs_coefficient
feature_5331,0.0,0.0,abs_coefficient
feature_5330,0.0,0.0,abs_coefficient
feature_5315,0.0,0.0,abs_coefficient
feature_5328,0.0,0.0,abs_coefficient
feature_5327,0.0,0.0,abs_coefficient
feature_5326,0.0,0.0,abs_coefficient
feature_5325,0.0,0.0,abs_coefficient
feature_5324,0.0,0.0,abs_coefficient
feature_5323,0.0,0.0,abs_coefficient
feature_5322,0.0,0.0,abs_coefficient
feature_5320,0.0,0.0,abs_coefficient
feature_5319,0.0,0.0,abs_coefficient
feature_5318,0.0,0.0,abs_coefficient
feature_5317,0.0,0.0,abs_coefficient
feature_5316,0.0,0.0,abs_coefficient
feature_5329,0.0,0.0,abs_coefficient
feature_5262,0.0,0.0,abs_coefficient
feature_5261,0.0,0.0,abs_coefficient
feature_5260,0.0,0.0,abs_coefficient
feature_5259,0.0,0.0,abs_coefficient
feature_5258,0.0,0.0,abs_coefficient
feature_5257,0.0,0.0,abs_coefficient
feature_5256,0.0,0.0,abs_coefficient
feature_5255,0.0,0.0,abs_coefficient
feature_5254,0.0,0.0,abs_coefficient
feature_5253,0.0,0.0,abs_coefficient
feature_5252,0.0,0.0,abs_coefficient
feature_5290,0.0,0.0,abs_coefficient
feature_5250,0.0,0.0,abs_coefficient
feature_5249,0.0,0.0,abs_coefficient
feature_5248,0.0,0.0,abs_coefficient
feature_5247,0.0,0.0,abs_coefficient
feature_5246,0.0,0.0,abs_coefficient
feature_5245,0.0,0.0,abs_coefficient
feature_5244,0.0,0.0,abs_coefficient
feature_5243,0.0,0.0,abs_coefficient
feature_5242,0.0,0.0,abs_coefficient
feature_5241,0.0,0.0,abs_coefficient
feature_5240,0.0,0.0,abs_coefficient
feature_5239,0.0,0.0,abs_coefficient
feature_5251,0.0,0.0,abs_coefficient
feature_5289,0.0,0.0,abs_coefficient
feature_5288,0.0,0.0,abs_coefficient
feature_5287,0.0,0.0,abs_coefficient
feature_5286,0.0,0.0,abs_coefficient
feature_5285,0.0,0.0,abs_coefficient
feature_5283,0.0,0.0,abs_coefficient
feature_5282,0.0,0.0,abs_coefficient
feature_5281,0.0,0.0,abs_coefficient
feature_5280,0.0,0.0,abs_coefficient
feature_5279,0.0,0.0,abs_coefficient
feature_5278,0.0,0.0,abs_coefficient
feature_5277,0.0,0.0,abs_coefficient
feature_5263,0.0,0.0,abs_coefficient
feature_5275,0.0,0.0,abs_coefficient
feature_5274,0.0,0.0,abs_coefficient
feature_5273,0.0,0.0,abs_coefficient
feature_5272,0.0,0.0,abs_coefficient
feature_5271,0.0,0.0,abs_coefficient
feature_5270,0.0,0.0,abs_coefficient
feature_5269,0.0,0.0,abs_coefficient
feature_5268,0.0,0.0,abs_coefficient
feature_5267,0.0,0.0,abs_coefficient
feature_5266,0.0,0.0,abs_coefficient
feature_5265,0.0,0.0,abs_coefficient
feature_5264,0.0,0.0,abs_coefficient
feature_5276,0.0,0.0,abs_coefficient
feature_5006,0.0,0.0,abs_coefficient
feature_5005,0.0,0.0,abs_coefficient
feature_5004,0.0,0.0,abs_coefficient
feature_5003,0.0,0.0,abs_coefficient
feature_5002,0.0,0.0,abs_coefficient
feature_5001,0.0,0.0,abs_coefficient
feature_5000,0.0,0.0,abs_coefficient
feature_4999,0.0,0.0,abs_coefficient
feature_4998,0.0,0.0,abs_coefficient
feature_4997,0.0,0.0,abs_coefficient
feature_4996,0.0,0.0,abs_coefficient
feature_5135,0.0,0.0,abs_coefficient
feature_4994,0.0,0.0,abs_coefficient
feature_4993,0.0,0.0,abs_coefficient
feature_4992,0.0,0.0,abs_coefficient
feature_4991,0.0,0.0,abs_coefficient
feature_4990,0.0,0.0,abs_coefficient
feature_4989,0.0,0.0,abs_coefficient
feature_4988,0.0,0.0,abs_coefficient
feature_4987,0.0,0.0,abs_coefficient
feature_4986,0.0,0.0,abs_coefficient
feature_4985,0.0,0.0,abs_coefficient
feature_4984,0.0,0.0,abs_coefficient
feature_4983,0.0,0.0,abs_coefficient
feature_4995,0.0,0.0,abs_coefficient
feature_5032,0.0,0.0,abs_coefficient
feature_5031,0.0,0.0,abs_coefficient
feature_5030,0.0,0.0,abs_coefficient
feature_5029,0.0,0.0,abs_coefficient
feature_5028,0.0,0.0,abs_coefficient
feature_5027,0.0,0.0,abs_coefficient
feature_5026,0.0,0.0,abs_coefficient
feature_5025,0.0,0.0,abs_coefficient
feature_5024,0.0,0.0,abs_coefficient
feature_5023,0.0,0.0,abs_coefficient
feature_5022,0.0,0.0,abs_coefficient
feature_5021,0.0,0.0,abs_coefficient
feature_5007,0.0,0.0,abs_coefficient
feature_5019,0.0,0.0,abs_coefficient
feature_5018,0.0,0.0,abs_coefficient
feature_5017,0.0,0.0,abs_coefficient
feature_5016,0.0,0.0,abs_coefficient
feature_5015,0.0,0.0,abs_coefficient
feature_5014,0.0,0.0,abs_coefficient
feature_5013,0.0,0.0,abs_coefficient
feature_5012,0.0,0.0,abs_coefficient
feature_5011,0.0,0.0,abs_coefficient
feature_5010,0.0,0.0,abs_coefficient
feature_5009,0.0,0.0,abs_coefficient
feature_5008,0.0,0.0,abs_coefficient
feature_5020,0.0,0.0,abs_coefficient
feature_4954,0.0,0.0,abs_coefficient
feature_4953,0.0,0.0,abs_coefficient
feature_4952,0.0,0.0,abs_coefficient
feature_4951,0.0,0.0,abs_coefficient
feature_4950,0.0,0.0,abs_coefficient
feature_4949,0.0,0.0,abs_coefficient
feature_4948,0.0,0.0,abs_coefficient
feature_4947,0.0,0.0,abs_coefficient
feature_4946,0.0,0.0,abs_coefficient
feature_4945,0.0,0.0,abs_coefficient
feature_4944,0.0,0.0,abs_coefficient
feature_4982,0.0,0.0,abs_coefficient
feature_4942,0.0,0.0,abs_coefficient
feature_4941,0.0,0.0,abs_coefficient
feature_4940,0.0,0.0,abs_coefficient
feature_4939,0.0,0.0,abs_coefficient
feature_4938,0.0,0.0,abs_coefficient
feature_4937,0.0,0.0,abs_coefficient
feature_4936,0.0,0.0,abs_coefficient
feature_4935,0.0,0.0,abs_coefficient
feature_4934,0.0,0.0,abs_coefficient
feature_4933,0.0,0.0,abs_coefficient
feature_4932,0.0,0.0,abs_coefficient
feature_4931,0.0,0.0,abs_coefficient
feature_4943,0.0,0.0,abs_coefficient
feature_4981,0.0,0.0,abs_coefficient
feature_4980,0.0,0.0,abs_coefficient
feature_4979,0.0,0.0,abs_coefficient
feature_4978,0.0,0.0,abs_coefficient
feature_4977,0.0,0.0,abs_coefficient
feature_4976,0.0,0.0,abs_coefficient
feature_4975,0.0,0.0,abs_coefficient
feature_4974,0.0,0.0,abs_coefficient
feature_4973,0.0,0.0,abs_coefficient
feature_4972,0.0,0.0,abs_coefficient
feature_4971,0.0,0.0,abs_coefficient
feature_4970,0.0,0.0,abs_coefficient
feature_4955,0.0,0.0,abs_coefficient
feature_3334,0.0,0.0,abs_coefficient
feature_4967,0.0,0.0,abs_coefficient
feature_4966,0.0,0.0,abs_coefficient
feature_4965,0.0,0.0,abs_coefficient
feature_4963,0.0,0.0,abs_coefficient
feature_4962,0.0,0.0,abs_coefficient
feature_4961,0.0,0.0,abs_coefficient
feature_4960,0.0,0.0,abs_coefficient
feature_4959,0.0,0.0,abs_coefficient
feature_4958,0.0,0.0,abs_coefficient
feature_4957,0.0,0.0,abs_coefficient
feature_4956,0.0,0.0,abs_coefficient
feature_4969,0.0,0.0,abs_coefficient
feature_5108,0.0,0.0,abs_coefficient
feature_5107,0.0,0.0,abs_coefficient
feature_5106,0.0,0.0,abs_coefficient
feature_5105,0.0,0.0,abs_coefficient
feature_5104,0.0,0.0,abs_coefficient
feature_5103,0.0,0.0,abs_coefficient
feature_5102,0.0,0.0,abs_coefficient
feature_5101,0.0,0.0,abs_coefficient
feature_5100,0.0,0.0,abs_coefficient
feature_5099,0.0,0.0,abs_coefficient
feature_5098,0.0,0.0,abs_coefficient
feature_5033,0.0,0.0,abs_coefficient
feature_5096,0.0,0.0,abs_coefficient
feature_5095,0.0,0.0,abs_coefficient
feature_5094,0.0,0.0,abs_coefficient
feature_5093,0.0,0.0,abs_coefficient
feature_5092,0.0,0.0,abs_coefficient
feature_5091,0.0,0.0,abs_coefficient
feature_5090,0.0,0.0,abs_coefficient
feature_5089,0.0,0.0,abs_coefficient
feature_5088,0.0,0.0,abs_coefficient
feature_5087,0.0,0.0,abs_coefficient
feature_5086,0.0,0.0,abs_coefficient
feature_5085,0.0,0.0,abs_coefficient
feature_5097,0.0,0.0,abs_coefficient
feature_5134,0.0,0.0,abs_coefficient
feature_5133,0.0,0.0,abs_coefficient
feature_5132,0.0,0.0,abs_coefficient
feature_5131,0.0,0.0,abs_coefficient
feature_5130,0.0,0.0,abs_coefficient
feature_5129,0.0,0.0,abs_coefficient
feature_5128,0.0,0.0,abs_coefficient
feature_5127,0.0,0.0,abs_coefficient
feature_5126,0.0,0.0,abs_coefficient
feature_5125,0.0,0.0,abs_coefficient
feature_5124,0.0,0.0,abs_coefficient
feature_5123,0.0,0.0,abs_coefficient
feature_5109,0.0,0.0,abs_coefficient
feature_5121,0.0,0.0,abs_coefficient
feature_5120,0.0,0.0,abs_coefficient
feature_5119,0.0,0.0,abs_coefficient
feature_5118,0.0,0.0,abs_coefficient
feature_5117,0.0,0.0,abs_coefficient
feature_5116,0.0,0.0,abs_coefficient
feature_5115,0.0,0.0,abs_coefficient
feature_5114,0.0,0.0,abs_coefficient
feature_5113,0.0,0.0,abs_coefficient
feature_5112,0.0,0.0,abs_coefficient
feature_5111,0.0,0.0,abs_coefficient
feature_5110,0.0,0.0,abs_coefficient
feature_5122,0.0,0.0,abs_coefficient
feature_5057,0.0,0.0,abs_coefficient
feature_5056,0.0,0.0,abs_coefficient
feature_5055,0.0,0.0,abs_coefficient
feature_5054,0.0,0.0,abs_coefficient
feature_5053,0.0,0.0,abs_coefficient
feature_5052,0.0,0.0,abs_coefficient
feature_5051,0.0,0.0,abs_coefficient
feature_5050,0.0,0.0,abs_coefficient
feature_5049,0.0,0.0,abs_coefficient
feature_5048,0.0,0.0,abs_coefficient
feature_5047,0.0,0.0,abs_coefficient
feature_5084,0.0,0.0,abs_coefficient
feature_5045,0.0,0.0,abs_coefficient
feature_5044,0.0,0.0,abs_coefficient
feature_5043,0.0,0.0,abs_coefficient
feature_5042,0.0,0.0,abs_coefficient
feature_5041,0.0,0.0,abs_coefficient
feature_5040,0.0,0.0,abs_coefficient
feature_5039,0.0,0.0,abs_coefficient
feature_5038,0.0,0.0,abs_coefficient
feature_5037,0.0,0.0,abs_coefficient
feature_5036,0.0,0.0,abs_coefficient
feature_5035,0.0,0.0,abs_coefficient
feature_5034,0.0,0.0,abs_coefficient
feature_5046,0.0,0.0,abs_coefficient
feature_5083,0.0,0.0,abs_coefficient
feature_5082,0.0,0.0,abs_coefficient
feature_5081,0.0,0.0,abs_coefficient
feature_5080,0.0,0.0,abs_coefficient
feature_5079,0.0,0.0,abs_coefficient
feature_5078,0.0,0.0,abs_coefficient
feature_5077,0.0,0.0,abs_coefficient
feature_5076,0.0,0.0,abs_coefficient
feature_5075,0.0,0.0,abs_coefficient
feature_5074,0.0,0.0,abs_coefficient
feature_5073,0.0,0.0,abs_coefficient
feature_5072,0.0,0.0,abs_coefficient
feature_5058,0.0,0.0,abs_coefficient
feature_5070,0.0,0.0,abs_coefficient
feature_5069,0.0,0.0,abs_coefficient
feature_5068,0.0,0.0,abs_coefficient
feature_5067,0.0,0.0,abs_coefficient
feature_5066,0.0,0.0,abs_coefficient
feature_5065,0.0,0.0,abs_coefficient
feature_5064,0.0,0.0,abs_coefficient
feature_5063,0.0,0.0,abs_coefficient
feature_5062,0.0,0.0,abs_coefficient
feature_5061,0.0,0.0,abs_coefficient
feature_5060,0.0,0.0,abs_coefficient
feature_5059,0.0,0.0,abs_coefficient
feature_5071,0.0,0.0,abs_coefficient
feature_5627,0.0,0.0,abs_coefficient
feature_5626,0.0,0.0,abs_coefficient
feature_5625,0.0,0.0,abs_coefficient
feature_5624,0.0,0.0,abs_coefficient
feature_5623,0.0,0.0,abs_coefficient
feature_5622,0.0,0.0,abs_coefficient
feature_5621,0.0,0.0,abs_coefficient
feature_5620,0.0,0.0,abs_coefficient
feature_5619,0.0,0.0,abs_coefficient
feature_5618,0.0,0.0,abs_coefficient
feature_5617,0.0,0.0,abs_coefficient
feature_5342,0.0,0.0,abs_coefficient
feature_5615,0.0,0.0,abs_coefficient
feature_5614,0.0,0.0,abs_coefficient
feature_5613,0.0,0.0,abs_coefficient
feature_5612,0.0,0.0,abs_coefficient
feature_5611,0.0,0.0,abs_coefficient
feature_5610,0.0,0.0,abs_coefficient
feature_5609,0.0,0.0,abs_coefficient
feature_5608,0.0,0.0,abs_coefficient
feature_5607,0.0,0.0,abs_coefficient
feature_5606,0.0,0.0,abs_coefficient
feature_5605,0.0,0.0,abs_coefficient
feature_5604,0.0,0.0,abs_coefficient
feature_5616,0.0,0.0,abs_coefficient
feature_5653,0.0,0.0,abs_coefficient
feature_5652,0.0,0.0,abs_coefficient
feature_5651,0.0,0.0,abs_coefficient
feature_5650,0.0,0.0,abs_coefficient
feature_5649,0.0,0.0,abs_coefficient
feature_5648,0.0,0.0,abs_coefficient
feature_5647,0.0,0.0,abs_coefficient
feature_5646,0.0,0.0,abs_coefficient
feature_5645,0.0,0.0,abs_coefficient
feature_5644,0.0,0.0,abs_coefficient
feature_5643,0.0,0.0,abs_coefficient
feature_5642,0.0,0.0,abs_coefficient
feature_5628,0.0,0.0,abs_coefficient
feature_5640,0.0,0.0,abs_coefficient
feature_5639,0.0,0.0,abs_coefficient
feature_5638,0.0,0.0,abs_coefficient
feature_5637,0.0,0.0,abs_coefficient
feature_5636,0.0,0.0,abs_coefficient
feature_5635,0.0,0.0,abs_coefficient
feature_5634,0.0,0.0,abs_coefficient
feature_5633,0.0,0.0,abs_coefficient
feature_5632,0.0,0.0,abs_coefficient
feature_5631,0.0,0.0,abs_coefficient
feature_5630,0.0,0.0,abs_coefficient
feature_5629,0.0,0.0,abs_coefficient
feature_5641,0.0,0.0,abs_coefficient
feature_5576,0.0,0.0,abs_coefficient
feature_5575,0.0,0.0,abs_coefficient
feature_5574,0.0,0.0,abs_coefficient
feature_5573,0.0,0.0,abs_coefficient
feature_5572,0.0,0.0,abs_coefficient
feature_5571,0.0,0.0,abs_coefficient
feature_5570,0.0,0.0,abs_coefficient
feature_5569,0.0,0.0,abs_coefficient
feature_5568,0.0,0.0,abs_coefficient
feature_5567,0.0,0.0,abs_coefficient
feature_5566,0.0,0.0,abs_coefficient
feature_5603,0.0,0.0,abs_coefficient
feature_5564,0.0,0.0,abs_coefficient
feature_5563,0.0,0.0,abs_coefficient
feature_5562,0.0,0.0,abs_coefficient
feature_5561,0.0,0.0,abs_coefficient
feature_5560,0.0,0.0,abs_coefficient
feature_5559,0.0,0.0,abs_coefficient
feature_5558,0.0,0.0,abs_coefficient
feature_5557,0.0,0.0,abs_coefficient
feature_5556,0.0,0.0,abs_coefficient
feature_5555,0.0,0.0,abs_coefficient
feature_5554,0.0,0.0,abs_coefficient
feature_5553,0.0,0.0,abs_coefficient
feature_5565,0.0,0.0,abs_coefficient
feature_5602,0.0,0.0,abs_coefficient
feature_5601,0.0,0.0,abs_coefficient
feature_5600,0.0,0.0,abs_coefficient
feature_5599,0.0,0.0,abs_coefficient
feature_5598,0.0,0.0,abs_coefficient
feature_5597,0.0,0.0,abs_coefficient
feature_5596,0.0,0.0,abs_coefficient
feature_5595,0.0,0.0,abs_coefficient
feature_5594,0.0,0.0,abs_coefficient
feature_5593,0.0,0.0,abs_coefficient
feature_5592,0.0,0.0,abs_coefficient
feature_5591,0.0,0.0,abs_coefficient
feature_5577,0.0,0.0,abs_coefficient
feature_5589,0.0,0.0,abs_coefficient
feature_5588,0.0,0.0,abs_coefficient
feature_5587,0.0,0.0,abs_coefficient
feature_5586,0.0,0.0,abs_coefficient
feature_5585,0.0,0.0,abs_coefficient
feature_5584,0.0,0.0,abs_coefficient
feature_5583,0.0,0.0,abs_coefficient
feature_5582,0.0,0.0,abs_coefficient
feature_5581,0.0,0.0,abs_coefficient
feature_5580,0.0,0.0,abs_coefficient
feature_5579,0.0,0.0,abs_coefficient
feature_5578,0.0,0.0,abs_coefficient
feature_5590,0.0,0.0,abs_coefficient
feature_5732,0.0,0.0,abs_coefficient
feature_5731,0.0,0.0,abs_coefficient
feature_5730,0.0,0.0,abs_coefficient
feature_5729,0.0,0.0,abs_coefficient
feature_5728,0.0,0.0,abs_coefficient
feature_5727,0.0,0.0,abs_coefficient
feature_5726,0.0,0.0,abs_coefficient
feature_5725,0.0,0.0,abs_coefficient
feature_5724,0.0,0.0,abs_coefficient
feature_5723,0.0,0.0,abs_coefficient
feature_5722,0.0,0.0,abs_coefficient
feature_5655,0.0,0.0,abs_coefficient
feature_5720,0.0,0.0,abs_coefficient
feature_5719,0.0,0.0,abs_coefficient
feature_5718,0.0,0.0,abs_coefficient
feature_5717,0.0,0.0,abs_coefficient
feature_5716,0.0,0.0,abs_coefficient
feature_5715,0.0,0.0,abs_coefficient
feature_5714,0.0,0.0,abs_coefficient
feature_5713,0.0,0.0,abs_coefficient
feature_5712,0.0,0.0,abs_coefficient
feature_5711,0.0,0.0,abs_coefficient
feature_5710,0.0,0.0,abs_coefficient
feature_5709,0.0,0.0,abs_coefficient
feature_5721,0.0,0.0,abs_coefficient
feature_5758,0.0,0.0,abs_coefficient
feature_5757,0.0,0.0,abs_coefficient
feature_5756,0.0,0.0,abs_coefficient
feature_5755,0.0,0.0,abs_coefficient
feature_5754,0.0,0.0,abs_coefficient
feature_5753,0.0,0.0,abs_coefficient
feature_5752,0.0,0.0,abs_coefficient
feature_5751,0.0,0.0,abs_coefficient
feature_5750,0.0,0.0,abs_coefficient
feature_5749,0.0,0.0,abs_coefficient
feature_5748,0.0,0.0,abs_coefficient
feature_5747,0.0,0.0,abs_coefficient
feature_5733,0.0,0.0,abs_coefficient
feature_5745,0.0,0.0,abs_coefficient
feature_5744,0.0,0.0,abs_coefficient
feature_5743,0.0,0.0,abs_coefficient
feature_5742,0.0,0.0,abs_coefficient
feature_5741,0.0,0.0,abs_coefficient
feature_5740,0.0,0.0,abs_coefficient
feature_5739,0.0,0.0,abs_coefficient
feature_5738,0.0,0.0,abs_coefficient
feature_5737,0.0,0.0,abs_coefficient
feature_5736,0.0,0.0,abs_coefficient
feature_5735,0.0,0.0,abs_coefficient
feature_5734,0.0,0.0,abs_coefficient
feature_5746,0.0,0.0,abs_coefficient
feature_5680,0.0,0.0,abs_coefficient
feature_5679,0.0,0.0,abs_coefficient
feature_5678,0.0,0.0,abs_coefficient
feature_5677,0.0,0.0,abs_coefficient
feature_5676,0.0,0.0,abs_coefficient
feature_5674,0.0,0.0,abs_coefficient
feature_5673,0.0,0.0,abs_coefficient
feature_5672,0.0,0.0,abs_coefficient
feature_5671,0.0,0.0,abs_coefficient
feature_5670,0.0,0.0,abs_coefficient
feature_5669,0.0,0.0,abs_coefficient
feature_5708,0.0,0.0,abs_coefficient
feature_5667,0.0,0.0,abs_coefficient
feature_5666,0.0,0.0,abs_coefficient
feature_5665,0.0,0.0,abs_coefficient
feature_5664,0.0,0.0,abs_coefficient
feature_5663,0.0,0.0,abs_coefficient
feature_5662,0.0,0.0,abs_coefficient
feature_5661,0.0,0.0,abs_coefficient
feature_5660,0.0,0.0,abs_coefficient
feature_5659,0.0,0.0,abs_coefficient
feature_5658,0.0,0.0,abs_coefficient
feature_5657,0.0,0.0,abs_coefficient
feature_5656,0.0,0.0,abs_coefficient
feature_5668,0.0,0.0,abs_coefficient
feature_5707,0.0,0.0,abs_coefficient
feature_5706,0.0,0.0,abs_coefficient
feature_5705,0.0,0.0,abs_coefficient
feature_5704,0.0,0.0,abs_coefficient
feature_5703,0.0,0.0,abs_coefficient
feature_5702,0.0,0.0,abs_coefficient
feature_5701,0.0,0.0,abs_coefficient
feature_5700,0.0,0.0,abs_coefficient
feature_5699,0.0,0.0,abs_coefficient
feature_5698,0.0,0.0,abs_coefficient
feature_5697,0.0,0.0,abs_coefficient
feature_5696,0.0,0.0,abs_coefficient
feature_5681,0.0,0.0,abs_coefficient
feature_5694,0.0,0.0,abs_coefficient
feature_5693,0.0,0.0,abs_coefficient
feature_5692,0.0,0.0,abs_coefficient
feature_5691,0.0,0.0,abs_coefficient
feature_5690,0.0,0.0,abs_coefficient
feature_5689,0.0,0.0,abs_coefficient
feature_5688,0.0,0.0,abs_coefficient
feature_5687,0.0,0.0,abs_coefficient
feature_5686,0.0,0.0,abs_coefficient
feature_5684,0.0,0.0,abs_coefficient
feature_5683,0.0,0.0,abs_coefficient
feature_5682,0.0,0.0,abs_coefficient
feature_5695,0.0,0.0,abs_coefficient
feature_5419,0.0,0.0,abs_coefficient
feature_5418,0.0,0.0,abs_coefficient
feature_5417,0.0,0.0,abs_coefficient
feature_5416,0.0,0.0,abs_coefficient
feature_5415,0.0,0.0,abs_coefficient
feature_5414,0.0,0.0,abs_coefficient
feature_5413,0.0,0.0,abs_coefficient
feature_5412,0.0,0.0,abs_coefficient
feature_5411,0.0,0.0,abs_coefficient
feature_5410,0.0,0.0,abs_coefficient
feature_5409,0.0,0.0,abs_coefficient
feature_5552,0.0,0.0,abs_coefficient
feature_5407,0.0,0.0,abs_coefficient
feature_5406,0.0,0.0,abs_coefficient
feature_5405,0.0,0.0,abs_coefficient
feature_5404,0.0,0.0,abs_coefficient
feature_5403,0.0,0.0,abs_coefficient
feature_5402,0.0,0.0,abs_coefficient
feature_5401,0.0,0.0,abs_coefficient
feature_5400,0.0,0.0,abs_coefficient
feature_5399,0.0,0.0,abs_coefficient
feature_5398,0.0,0.0,abs_coefficient
feature_5397,0.0,0.0,abs_coefficient
feature_5396,0.0,0.0,abs_coefficient
feature_5408,0.0,0.0,abs_coefficient
feature_5446,0.0,0.0,abs_coefficient
feature_5445,0.0,0.0,abs_coefficient
feature_5444,0.0,0.0,abs_coefficient
feature_5443,0.0,0.0,abs_coefficient
feature_5442,0.0,0.0,abs_coefficient
feature_5441,0.0,0.0,abs_coefficient
feature_5440,0.0,0.0,abs_coefficient
feature_5439,0.0,0.0,abs_coefficient
feature_5438,0.0,0.0,abs_coefficient
feature_5437,0.0,0.0,abs_coefficient
feature_5436,0.0,0.0,abs_coefficient
feature_5435,0.0,0.0,abs_coefficient
feature_5420,0.0,0.0,abs_coefficient
feature_5433,0.0,0.0,abs_coefficient
feature_5432,0.0,0.0,abs_coefficient
feature_5431,0.0,0.0,abs_coefficient
feature_5430,0.0,0.0,abs_coefficient
feature_5429,0.0,0.0,abs_coefficient
feature_5428,0.0,0.0,abs_coefficient
feature_5427,0.0,0.0,abs_coefficient
feature_5426,0.0,0.0,abs_coefficient
feature_5425,0.0,0.0,abs_coefficient
feature_5424,0.0,0.0,abs_coefficient
feature_5422,0.0,0.0,abs_coefficient
feature_5421,0.0,0.0,abs_coefficient
feature_5434,0.0,0.0,abs_coefficient
feature_5367,0.0,0.0,abs_coefficient
feature_5366,0.0,0.0,abs_coefficient
feature_5365,0.0,0.0,abs_coefficient
feature_5364,0.0,0.0,abs_coefficient
feature_5363,0.0,0.0,abs_coefficient
feature_5362,0.0,0.0,abs_coefficient
feature_5361,0.0,0.0,abs_coefficient
feature_5360,0.0,0.0,abs_coefficient
feature_5359,0.0,0.0,abs_coefficient
feature_5357,0.0,0.0,abs_coefficient
feature_5356,0.0,0.0,abs_coefficient
feature_5395,0.0,0.0,abs_coefficient
feature_5354,0.0,0.0,abs_coefficient
feature_5353,0.0,0.0,abs_coefficient
feature_5352,0.0,0.0,abs_coefficient
feature_5351,0.0,0.0,abs_coefficient
feature_5350,0.0,0.0,abs_coefficient
feature_5349,0.0,0.0,abs_coefficient
feature_5348,0.0,0.0,abs_coefficient
feature_5347,0.0,0.0,abs_coefficient
feature_5346,0.0,0.0,abs_coefficient
feature_5345,0.0,0.0,abs_coefficient
feature_5344,0.0,0.0,abs_coefficient
feature_5343,0.0,0.0,abs_coefficient
feature_5355,0.0,0.0,abs_coefficient
feature_5394,0.0,0.0,abs_coefficient
feature_5393,0.0,0.0,abs_coefficient
feature_5392,0.0,0.0,abs_coefficient
feature_5391,0.0,0.0,abs_coefficient
feature_5390,0.0,0.0,abs_coefficient
feature_5389,0.0,0.0,abs_coefficient
feature_5388,0.0,0.0,abs_coefficient
feature_5387,0.0,0.0,abs_coefficient
feature_5386,0.0,0.0,abs_coefficient
feature_5385,0.0,0.0,abs_coefficient
feature_5384,0.0,0.0,abs_coefficient
feature_5383,0.0,0.0,abs_coefficient
feature_5368,0.0,0.0,abs_coefficient
feature_5380,0.0,0.0,abs_coefficient
feature_5379,0.0,0.0,abs_coefficient
feature_5378,0.0,0.0,abs_coefficient
feature_5377,0.0,0.0,abs_coefficient
feature_5376,0.0,0.0,abs_coefficient
feature_5375,0.0,0.0,abs_coefficient
feature_5374,0.0,0.0,abs_coefficient
feature_5373,0.0,0.0,abs_coefficient
feature_5372,0.0,0.0,abs_coefficient
feature_5371,0.0,0.0,abs_coefficient
feature_5370,0.0,0.0,abs_coefficient
feature_5369,0.0,0.0,abs_coefficient
feature_5382,0.0,0.0,abs_coefficient
feature_5525,0.0,0.0,abs_coefficient
feature_5524,0.0,0.0,abs_coefficient
feature_5523,0.0,0.0,abs_coefficient
feature_5522,0.0,0.0,abs_coefficient
feature_5521,0.0,0.0,abs_coefficient
feature_5520,0.0,0.0,abs_coefficient
feature_5519,0.0,0.0,abs_coefficient
feature_5518,0.0,0.0,abs_coefficient
feature_5517,0.0,0.0,abs_coefficient
feature_5516,0.0,0.0,abs_coefficient
feature_5515,0.0,0.0,abs_coefficient
feature_5447,0.0,0.0,abs_coefficient
feature_5513,0.0,0.0,abs_coefficient
feature_5512,0.0,0.0,abs_coefficient
feature_5511,0.0,0.0,abs_coefficient
feature_5510,0.0,0.0,abs_coefficient
feature_5509,0.0,0.0,abs_coefficient
feature_5508,0.0,0.0,abs_coefficient
feature_5507,0.0,0.0,abs_coefficient
feature_5506,0.0,0.0,abs_coefficient
feature_5505,0.0,0.0,abs_coefficient
feature_5504,0.0,0.0,abs_coefficient
feature_5503,0.0,0.0,abs_coefficient
feature_5502,0.0,0.0,abs_coefficient
feature_5514,0.0,0.0,abs_coefficient
feature_5551,0.0,0.0,abs_coefficient
feature_5550,0.0,0.0,abs_coefficient
feature_5549,0.0,0.0,abs_coefficient
feature_5548,0.0,0.0,abs_coefficient
feature_5547,0.0,0.0,abs_coefficient
feature_5546,0.0,0.0,abs_coefficient
feature_5545,0.0,0.0,abs_coefficient
feature_5544,0.0,0.0,abs_coefficient
feature_5543,0.0,0.0,abs_coefficient
feature_5542,0.0,0.0,abs_coefficient
feature_5541,0.0,0.0,abs_coefficient
feature_5540,0.0,0.0,abs_coefficient
feature_5526,0.0,0.0,abs_coefficient
feature_5538,0.0,0.0,abs_coefficient
feature_5537,0.0,0.0,abs_coefficient
feature_5536,0.0,0.0,abs_coefficient
feature_5535,0.0,0.0,abs_coefficient
feature_5534,0.0,0.0,abs_coefficient
feature_5533,0.0,0.0,abs_coefficient
feature_5532,0.0,0.0,abs_coefficient
feature_5531,0.0,0.0,abs_coefficient
feature_5530,0.0,0.0,abs_coefficient
feature_5529,0.0,0.0,abs_coefficient
feature_5528,0.0,0.0,abs_coefficient
feature_5527,0.0,0.0,abs_coefficient
feature_5539,0.0,0.0,abs_coefficient
feature_5472,0.0,0.0,abs_coefficient
feature_5471,0.0,0.0,abs_coefficient
feature_5470,0.0,0.0,abs_coefficient
feature_5469,0.0,0.0,abs_coefficient
feature_5468,0.0,0.0,abs_coefficient
feature_5467,0.0,0.0,abs_coefficient
feature_5466,0.0,0.0,abs_coefficient
feature_5465,0.0,0.0,abs_coefficient
feature_5464,0.0,0.0,abs_coefficient
feature_5463,0.0,0.0,abs_coefficient
feature_5462,0.0,0.0,abs_coefficient
feature_5500,0.0,0.0,abs_coefficient
feature_5460,0.0,0.0,abs_coefficient
feature_5459,0.0,0.0,abs_coefficient
feature_5458,0.0,0.0,abs_coefficient
feature_5457,0.0,0.0,abs_coefficient
feature_5456,0.0,0.0,abs_coefficient
feature_5455,0.0,0.0,abs_coefficient
feature_5454,0.0,0.0,abs_coefficient
feature_5452,0.0,0.0,abs_coefficient
feature_5451,0.0,0.0,abs_coefficient
feature_5450,0.0,0.0,abs_coefficient
feature_5449,0.0,0.0,abs_coefficient
feature_5448,0.0,0.0,abs_coefficient
feature_5461,0.0,0.0,abs_coefficient
feature_5499,0.0,0.0,abs_coefficient
feature_5498,0.0,0.0,abs_coefficient
feature_5497,0.0,0.0,abs_coefficient
feature_5496,0.0,0.0,abs_coefficient
feature_5495,0.0,0.0,abs_coefficient
feature_5494,0.0,0.0,abs_coefficient
feature_5492,0.0,0.0,abs_coefficient
feature_5491,0.0,0.0,abs_coefficient
feature_5490,0.0,0.0,abs_coefficient
feature_5489,0.0,0.0,abs_coefficient
feature_5488,0.0,0.0,abs_coefficient
feature_5487,0.0,0.0,abs_coefficient
feature_5473,0.0,0.0,abs_coefficient
feature_5485,0.0,0.0,abs_coefficient
feature_5484,0.0,0.0,abs_coefficient
feature_5483,0.0,0.0,abs_coefficient
feature_5482,0.0,0.0,abs_coefficient
feature_5481,0.0,0.0,abs_coefficient
feature_5480,0.0,0.0,abs_coefficient
feature_5479,0.0,0.0,abs_coefficient
feature_5478,0.0,0.0,abs_coefficient
feature_5477,0.0,0.0,abs_coefficient
feature_5476,0.0,0.0,abs_coefficient
feature_5475,0.0,0.0,abs_coefficient
feature_5474,0.0,0.0,abs_coefficient
feature_5486,0.0,0.0,abs_coefficient
feature_1122,0.0,0.0,abs_coefficient
feature_1121,0.0,0.0,abs_coefficient
feature_1120,0.0,0.0,abs_coefficient
feature_1119,0.0,0.0,abs_coefficient
feature_1118,0.0,0.0,abs_coefficient
feature_1117,0.0,0.0,abs_coefficient
feature_1116,0.0,0.0,abs_coefficient
feature_1115,0.0,0.0,abs_coefficient
feature_1114,0.0,0.0,abs_coefficient
feature_1113,0.0,0.0,abs_coefficient
feature_1112,0.0,0.0,abs_coefficient
feature_3298,0.0,0.0,abs_coefficient
feature_1110,0.0,0.0,abs_coefficient
feature_1109,0.0,0.0,abs_coefficient
feature_1108,0.0,0.0,abs_coefficient
feature_1107,0.0,0.0,abs_coefficient
feature_1106,0.0,0.0,abs_coefficient
feature_1105,0.0,0.0,abs_coefficient
feature_1104,0.0,0.0,abs_coefficient
feature_1103,0.0,0.0,abs_coefficient
feature_1102,0.0,0.0,abs_coefficient
feature_1101,0.0,0.0,abs_coefficient
feature_1100,0.0,0.0,abs_coefficient
feature_1099,0.0,0.0,abs_coefficient
feature_1111,0.0,0.0,abs_coefficient
feature_1148,0.0,0.0,abs_coefficient
feature_1147,0.0,0.0,abs_coefficient
feature_1146,0.0,0.0,abs_coefficient
feature_1145,0.0,0.0,abs_coefficient
feature_1144,0.0,0.0,abs_coefficient
feature_1143,0.0,0.0,abs_coefficient
feature_1142,0.0,0.0,abs_coefficient
feature_1141,0.0,0.0,abs_coefficient
feature_1140,0.0,0.0,abs_coefficient
feature_1138,0.0,0.0,abs_coefficient
feature_1137,0.0,0.0,abs_coefficient
feature_1123,0.0,0.0,abs_coefficient
feature_1135,0.0,0.0,abs_coefficient
feature_1134,0.0,0.0,abs_coefficient
feature_1133,0.0,0.0,abs_coefficient
feature_1132,0.0,0.0,abs_coefficient
feature_1131,0.0,0.0,abs_coefficient
feature_1130,0.0,0.0,abs_coefficient
feature_1129,0.0,0.0,abs_coefficient
feature_1128,0.0,0.0,abs_coefficient
feature_1127,0.0,0.0,abs_coefficient
feature_1126,0.0,0.0,abs_coefficient
feature_1125,0.0,0.0,abs_coefficient
feature_1124,0.0,0.0,abs_coefficient
feature_1136,0.0,0.0,abs_coefficient
feature_1071,0.0,0.0,abs_coefficient
feature_1070,0.0,0.0,abs_coefficient
feature_1069,0.0,0.0,abs_coefficient
feature_1068,0.0,0.0,abs_coefficient
feature_1066,0.0,0.0,abs_coefficient
feature_1064,0.0,0.0,abs_coefficient
feature_1063,0.0,0.0,abs_coefficient
feature_1062,0.0,0.0,abs_coefficient
feature_1061,0.0,0.0,abs_coefficient
feature_1060,0.0,0.0,abs_coefficient
feature_1059,0.0,0.0,abs_coefficient
feature_1098,0.0,0.0,abs_coefficient
feature_1057,0.0,0.0,abs_coefficient
feature_1056,0.0,0.0,abs_coefficient
feature_1055,0.0,0.0,abs_coefficient
feature_1054,0.0,0.0,abs_coefficient
feature_1053,0.0,0.0,abs_coefficient
feature_1052,0.0,0.0,abs_coefficient
feature_1051,0.0,0.0,abs_coefficient
feature_1050,0.0,0.0,abs_coefficient
feature_1049,0.0,0.0,abs_coefficient
feature_1048,0.0,0.0,abs_coefficient
feature_1047,0.0,0.0,abs_coefficient
feature_1046,0.0,0.0,abs_coefficient
feature_1058,0.0,0.0,abs_coefficient
feature_1097,0.0,0.0,abs_coefficient
feature_1096,0.0,0.0,abs_coefficient
feature_1095,0.0,0.0,abs_coefficient
feature_1094,0.0,0.0,abs_coefficient
feature_1093,0.0,0.0,abs_coefficient
feature_1092,0.0,0.0,abs_coefficient
feature_1091,0.0,0.0,abs_coefficient
feature_1090,0.0,0.0,abs_coefficient
feature_1089,0.0,0.0,abs_coefficient
feature_1088,0.0,0.0,abs_coefficient
feature_1087,0.0,0.0,abs_coefficient
feature_1086,0.0,0.0,abs_coefficient
feature_1072,0.0,0.0,abs_coefficient
feature_1084,0.0,0.0,abs_coefficient
feature_1083,0.0,0.0,abs_coefficient
feature_1082,0.0,0.0,abs_coefficient
feature_1081,0.0,0.0,abs_coefficient
feature_1080,0.0,0.0,abs_coefficient
feature_1079,0.0,0.0,abs_coefficient
feature_1078,0.0,0.0,abs_coefficient
feature_1077,0.0,0.0,abs_coefficient
feature_1076,0.0,0.0,abs_coefficient
feature_1075,0.0,0.0,abs_coefficient
feature_1074,0.0,0.0,abs_coefficient
feature_1073,0.0,0.0,abs_coefficient
feature_1085,0.0,0.0,abs_coefficient
feature_1224,0.0,0.0,abs_coefficient
feature_1223,0.0,0.0,abs_coefficient
feature_1222,0.0,0.0,abs_coefficient
feature_1221,0.0,0.0,abs_coefficient
feature_1220,0.0,0.0,abs_coefficient
feature_1219,0.0,0.0,abs_coefficient
feature_1218,0.0,0.0,abs_coefficient
feature_1217,0.0,0.0,abs_coefficient
feature_1216,0.0,0.0,abs_coefficient
feature_1215,0.0,0.0,abs_coefficient
feature_1214,0.0,0.0,abs_coefficient
feature_1149,0.0,0.0,abs_coefficient
feature_1212,0.0,0.0,abs_coefficient
feature_1211,0.0,0.0,abs_coefficient
feature_1210,0.0,0.0,abs_coefficient
feature_1209,0.0,0.0,abs_coefficient
feature_1208,0.0,0.0,abs_coefficient
feature_1207,0.0,0.0,abs_coefficient
feature_1206,0.0,0.0,abs_coefficient
feature_1205,0.0,0.0,abs_coefficient
feature_1204,0.0,0.0,abs_coefficient
feature_1203,0.0,0.0,abs_coefficient
feature_1202,0.0,0.0,abs_coefficient
feature_1201,0.0,0.0,abs_coefficient
feature_1213,0.0,0.0,abs_coefficient
feature_1252,0.0,0.0,abs_coefficient
feature_1251,0.0,0.0,abs_coefficient
feature_1250,0.0,0.0,abs_coefficient
feature_1249,0.0,0.0,abs_coefficient
feature_1248,0.0,0.0,abs_coefficient
feature_1247,0.0,0.0,abs_coefficient
feature_1246,0.0,0.0,abs_coefficient
feature_1245,0.0,0.0,abs_coefficient
feature_1244,0.0,0.0,abs_coefficient
feature_1243,0.0,0.0,abs_coefficient
feature_1241,0.0,0.0,abs_coefficient
feature_1240,0.0,0.0,abs_coefficient
feature_1225,0.0,0.0,abs_coefficient
feature_1238,0.0,0.0,abs_coefficient
feature_1237,0.0,0.0,abs_coefficient
feature_1236,0.0,0.0,abs_coefficient
feature_1235,0.0,0.0,abs_coefficient
feature_1234,0.0,0.0,abs_coefficient
feature_1233,0.0,0.0,abs_coefficient
feature_1232,0.0,0.0,abs_coefficient
feature_1231,0.0,0.0,abs_coefficient
feature_1230,0.0,0.0,abs_coefficient
feature_1228,0.0,0.0,abs_coefficient
feature_1227,0.0,0.0,abs_coefficient
feature_1226,0.0,0.0,abs_coefficient
feature_1239,0.0,0.0,abs_coefficient
feature_1173,0.0,0.0,abs_coefficient
feature_1172,0.0,0.0,abs_coefficient
feature_1171,0.0,0.0,abs_coefficient
feature_1170,0.0,0.0,abs_coefficient
feature_1169,0.0,0.0,abs_coefficient
feature_1168,0.0,0.0,abs_coefficient
feature_1167,0.0,0.0,abs_coefficient
feature_1166,0.0,0.0,abs_coefficient
feature_1165,0.0,0.0,abs_coefficient
feature_1164,0.0,0.0,abs_coefficient
feature_1163,0.0,0.0,abs_coefficient
feature_1200,0.0,0.0,abs_coefficient
feature_1161,0.0,0.0,abs_coefficient
feature_1160,0.0,0.0,abs_coefficient
feature_1159,0.0,0.0,abs_coefficient
feature_1158,0.0,0.0,abs_coefficient
feature_1157,0.0,0.0,abs_coefficient
feature_1156,0.0,0.0,abs_coefficient
feature_1155,0.0,0.0,abs_coefficient
feature_1154,0.0,0.0,abs_coefficient
feature_1153,0.0,0.0,abs_coefficient
feature_1152,0.0,0.0,abs_coefficient
feature_1151,0.0,0.0,abs_coefficient
feature_1150,0.0,0.0,abs_coefficient
feature_1162,0.0,0.0,abs_coefficient
feature_1199,0.0,0.0,abs_coefficient
feature_1198,0.0,0.0,abs_coefficient
feature_1197,0.0,0.0,abs_coefficient
feature_1196,0.0,0.0,abs_coefficient
feature_1195,0.0,0.0,abs_coefficient
feature_1194,0.0,0.0,abs_coefficient
feature_1193,0.0,0.0,abs_coefficient
feature_1192,0.0,0.0,abs_coefficient
feature_1191,0.0,0.0,abs_coefficient
feature_1190,0.0,0.0,abs_coefficient
feature_1189,0.0,0.0,abs_coefficient
feature_1188,0.0,0.0,abs_coefficient
feature_1174,0.0,0.0,abs_coefficient
feature_1186,0.0,0.0,abs_coefficient
feature_1185,0.0,0.0,abs_coefficient
feature_1184,0.0,0.0,abs_coefficient
feature_1183,0.0,0.0,abs_coefficient
feature_1182,0.0,0.0,abs_coefficient
feature_1181,0.0,0.0,abs_coefficient
feature_1180,0.0,0.0,abs_coefficient
feature_1179,0.0,0.0,abs_coefficient
feature_1178,0.0,0.0,abs_coefficient
feature_1177,0.0,0.0,abs_coefficient
feature_1176,0.0,0.0,abs_coefficient
feature_1175,0.0,0.0,abs_coefficient
feature_1187,0.0,0.0,abs_coefficient
feature_0910,0.0,0.0,abs_coefficient
feature_0909,0.0,0.0,abs_coefficient
feature_0908,0.0,0.0,abs_coefficient
feature_0907,0.0,0.0,abs_coefficient
feature_0906,0.0,0.0,abs_coefficient
feature_0905,0.0,0.0,abs_coefficient
feature_0904,0.0,0.0,abs_coefficient
feature_0903,0.0,0.0,abs_coefficient
feature_0902,0.0,0.0,abs_coefficient
feature_0901,0.0,0.0,abs_coefficient
feature_0900,0.0,0.0,abs_coefficient
feature_1045,0.0,0.0,abs_coefficient
feature_0898,0.0,0.0,abs_coefficient
feature_0897,0.0,0.0,abs_coefficient
feature_0896,0.0,0.0,abs_coefficient
feature_0895,0.0,0.0,abs_coefficient
feature_0894,0.0,0.0,abs_coefficient
feature_0893,0.0,0.0,abs_coefficient
feature_0892,0.0,0.0,abs_coefficient
feature_0891,0.0,0.0,abs_coefficient
feature_0890,0.0,0.0,abs_coefficient
feature_0889,0.0,0.0,abs_coefficient
feature_0888,0.0,0.0,abs_coefficient
feature_0887,0.0,0.0,abs_coefficient
feature_0899,0.0,0.0,abs_coefficient
feature_0938,0.0,0.0,abs_coefficient
feature_0937,0.0,0.0,abs_coefficient
feature_0936,0.0,0.0,abs_coefficient
feature_0935,0.0,0.0,abs_coefficient
feature_0934,0.0,0.0,abs_coefficient
feature_0933,0.0,0.0,abs_coefficient
feature_0932,0.0,0.0,abs_coefficient
feature_0931,0.0,0.0,abs_coefficient
feature_0930,0.0,0.0,abs_coefficient
feature_0929,0.0,0.0,abs_coefficient
feature_0928,0.0,0.0,abs_coefficient
feature_0927,0.0,0.0,abs_coefficient
feature_0912,0.0,0.0,abs_coefficient
feature_0924,0.0,0.0,abs_coefficient
feature_0923,0.0,0.0,abs_coefficient
feature_0922,0.0,0.0,abs_coefficient
feature_0921,0.0,0.0,abs_coefficient
feature_0920,0.0,0.0,abs_coefficient
feature_0919,0.0,0.0,abs_coefficient
feature_0918,0.0,0.0,abs_coefficient
feature_0917,0.0,0.0,abs_coefficient
feature_0916,0.0,0.0,abs_coefficient
feature_0915,0.0,0.0,abs_coefficient
feature_0914,0.0,0.0,abs_coefficient
feature_0913,0.0,0.0,abs_coefficient
feature_0925,0.0,0.0,abs_coefficient
feature_0857,0.0,0.0,abs_coefficient
feature_0856,0.0,0.0,abs_coefficient
feature_0855,0.0,0.0,abs_coefficient
feature_0854,0.0,0.0,abs_coefficient
feature_0853,0.0,0.0,abs_coefficient
feature_0852,0.0,0.0,abs_coefficient
feature_0851,0.0,0.0,abs_coefficient
feature_0850,0.0,0.0,abs_coefficient
feature_0849,0.0,0.0,abs_coefficient
feature_0848,0.0,0.0,abs_coefficient
feature_0847,0.0,0.0,abs_coefficient
feature_0886,0.0,0.0,abs_coefficient
feature_0845,0.0,0.0,abs_coefficient
feature_0844,0.0,0.0,abs_coefficient
feature_0843,0.0,0.0,abs_coefficient
feature_0842,0.0,0.0,abs_coefficient
feature_0841,0.0,0.0,abs_coefficient
feature_0840,0.0,0.0,abs_coefficient
feature_0839,0.0,0.0,abs_coefficient
feature_0838,0.0,0.0,abs_coefficient
feature_0837,0.0,0.0,abs_coefficient
feature_0836,0.0,0.0,abs_coefficient
feature_0835,0.0,0.0,abs_coefficient
feature_0834,0.0,0.0,abs_coefficient
feature_0846,0.0,0.0,abs_coefficient
feature_0885,0.0,0.0,abs_coefficient
feature_0884,0.0,0.0,abs_coefficient
feature_0883,0.0,0.0,abs_coefficient
feature_0882,0.0,0.0,abs_coefficient
feature_0881,0.0,0.0,abs_coefficient
feature_0880,0.0,0.0,abs_coefficient
feature_0879,0.0,0.0,abs_coefficient
feature_0878,0.0,0.0,abs_coefficient
feature_0877,0.0,0.0,abs_coefficient
feature_0875,0.0,0.0,abs_coefficient
feature_0874,0.0,0.0,abs_coefficient
feature_0873,0.0,0.0,abs_coefficient
feature_0859,0.0,0.0,abs_coefficient
feature_0871,0.0,0.0,abs_coefficient
feature_0870,0.0,0.0,abs_coefficient
feature_0869,0.0,0.0,abs_coefficient
feature_0868,0.0,0.0,abs_coefficient
feature_0867,0.0,0.0,abs_coefficient
feature_0866,0.0,0.0,abs_coefficient
feature_0865,0.0,0.0,abs_coefficient
feature_0864,0.0,0.0,abs_coefficient
feature_0863,0.0,0.0,abs_coefficient
feature_0862,0.0,0.0,abs_coefficient
feature_0861,0.0,0.0,abs_coefficient
feature_0860,0.0,0.0,abs_coefficient
feature_0872,0.0,0.0,abs_coefficient
feature_1016,0.0,0.0,abs_coefficient
feature_1015,0.0,0.0,abs_coefficient
feature_1014,0.0,0.0,abs_coefficient
feature_1013,0.0,0.0,abs_coefficient
feature_1012,0.0,0.0,abs_coefficient
feature_1011,0.0,0.0,abs_coefficient
feature_1010,0.0,0.0,abs_coefficient
feature_1009,0.0,0.0,abs_coefficient
feature_1008,0.0,0.0,abs_coefficient
feature_1007,0.0,0.0,abs_coefficient
feature_1006,0.0,0.0,abs_coefficient
feature_0939,0.0,0.0,abs_coefficient
feature_1004,0.0,0.0,abs_coefficient
feature_1003,0.0,0.0,abs_coefficient
feature_1001,0.0,0.0,abs_coefficient
feature_1000,0.0,0.0,abs_coefficient
feature_0999,0.0,0.0,abs_coefficient
feature_0998,0.0,0.0,abs_coefficient
feature_0997,0.0,0.0,abs_coefficient
feature_0996,0.0,0.0,abs_coefficient
feature_0995,0.0,0.0,abs_coefficient
feature_0994,0.0,0.0,abs_coefficient
feature_0993,0.0,0.0,abs_coefficient
feature_0992,0.0,0.0,abs_coefficient
feature_1005,0.0,0.0,abs_coefficient
feature_1044,0.0,0.0,abs_coefficient
feature_1043,0.0,0.0,abs_coefficient
feature_1042,0.0,0.0,abs_coefficient
feature_1041,0.0,0.0,abs_coefficient
feature_1040,0.0,0.0,abs_coefficient
feature_1039,0.0,0.0,abs_coefficient
feature_1038,0.0,0.0,abs_coefficient
feature_1037,0.0,0.0,abs_coefficient
feature_1036,0.0,0.0,abs_coefficient
feature_1035,0.0,0.0,abs_coefficient
feature_1034,0.0,0.0,abs_coefficient
feature_1033,0.0,0.0,abs_coefficient
feature_1018,0.0,0.0,abs_coefficient
feature_1031,0.0,0.0,abs_coefficient
feature_1030,0.0,0.0,abs_coefficient
feature_1029,0.0,0.0,abs_coefficient
feature_1028,0.0,0.0,abs_coefficient
feature_1027,0.0,0.0,abs_coefficient
feature_1026,0.0,0.0,abs_coefficient
feature_1025,0.0,0.0,abs_coefficient
feature_1023,0.0,0.0,abs_coefficient
feature_1022,0.0,0.0,abs_coefficient
feature_1021,0.0,0.0,abs_coefficient
feature_1020,0.0,0.0,abs_coefficient
feature_1019,0.0,0.0,abs_coefficient
feature_1032,0.0,0.0,abs_coefficient
feature_0964,0.0,0.0,abs_coefficient
feature_0963,0.0,0.0,abs_coefficient
feature_0962,0.0,0.0,abs_coefficient
feature_0961,0.0,0.0,abs_coefficient
feature_0960,0.0,0.0,abs_coefficient
feature_0959,0.0,0.0,abs_coefficient
feature_0957,0.0,0.0,abs_coefficient
feature_0956,0.0,0.0,abs_coefficient
feature_0955,0.0,0.0,abs_coefficient
feature_0954,0.0,0.0,abs_coefficient
feature_0953,0.0,0.0,abs_coefficient
feature_0991,0.0,0.0,abs_coefficient
feature_0951,0.0,0.0,abs_coefficient
feature_0950,0.0,0.0,abs_coefficient
feature_0949,0.0,0.0,abs_coefficient
feature_0948,0.0,0.0,abs_coefficient
feature_0947,0.0,0.0,abs_coefficient
feature_0946,0.0,0.0,abs_coefficient
feature_0945,0.0,0.0,abs_coefficient
feature_0944,0.0,0.0,abs_coefficient
feature_0943,0.0,0.0,abs_coefficient
feature_0942,0.0,0.0,abs_coefficient
feature_0941,0.0,0.0,abs_coefficient
feature_0940,0.0,0.0,abs_coefficient
feature_0952,0.0,0.0,abs_coefficient
feature_0990,0.0,0.0,abs_coefficient
feature_0989,0.0,0.0,abs_coefficient
feature_0988,0.0,0.0,abs_coefficient
feature_0987,0.0,0.0,abs_coefficient
feature_0986,0.0,0.0,abs_coefficient
feature_0985,0.0,0.0,abs_coefficient
feature_0984,0.0,0.0,abs_coefficient
feature_0983,0.0,0.0,abs_coefficient
feature_0982,0.0,0.0,abs_coefficient
feature_0981,0.0,0.0,abs_coefficient
feature_0980,0.0,0.0,abs_coefficient
feature_0979,0.0,0.0,abs_coefficient
feature_0965,0.0,0.0,abs_coefficient
feature_0977,0.0,0.0,abs_coefficient
feature_0976,0.0,0.0,abs_coefficient
feature_0975,0.0,0.0,abs_coefficient
feature_0974,0.0,0.0,abs_coefficient
feature_0973,0.0,0.0,abs_coefficient
feature_0972,0.0,0.0,abs_coefficient
feature_0971,0.0,0.0,abs_coefficient
feature_0970,0.0,0.0,abs_coefficient
feature_0969,0.0,0.0,abs_coefficient
feature_0968,0.0,0.0,abs_coefficient
feature_0967,0.0,0.0,abs_coefficient
feature_0966,0.0,0.0,abs_coefficient
feature_0978,0.0,0.0,abs_coefficient
feature_1538,0.0,0.0,abs_coefficient
feature_1537,0.0,0.0,abs_coefficient
feature_1536,0.0,0.0,abs_coefficient
feature_1535,0.0,0.0,abs_coefficient
feature_1534,0.0,0.0,abs_coefficient
feature_1533,0.0,0.0,abs_coefficient
feature_1532,0.0,0.0,abs_coefficient
feature_1531,0.0,0.0,abs_coefficient
feature_1530,0.0,0.0,abs_coefficient
feature_1529,0.0,0.0,abs_coefficient
feature_1528,0.0,0.0,abs_coefficient
feature_1253,0.0,0.0,abs_coefficient
feature_1526,0.0,0.0,abs_coefficient
feature_1525,0.0,0.0,abs_coefficient
feature_1524,0.0,0.0,abs_coefficient
feature_1523,0.0,0.0,abs_coefficient
feature_1522,0.0,0.0,abs_coefficient
feature_1521,0.0,0.0,abs_coefficient
feature_1520,0.0,0.0,abs_coefficient
feature_1519,0.0,0.0,abs_coefficient
feature_1518,0.0,0.0,abs_coefficient
feature_1517,0.0,0.0,abs_coefficient
feature_1516,0.0,0.0,abs_coefficient
feature_1515,0.0,0.0,abs_coefficient
feature_1527,0.0,0.0,abs_coefficient
feature_1566,0.0,0.0,abs_coefficient
feature_1565,0.0,0.0,abs_coefficient
feature_1564,0.0,0.0,abs_coefficient
feature_1563,0.0,0.0,abs_coefficient
feature_1562,0.0,0.0,abs_coefficient
feature_1561,0.0,0.0,abs_coefficient
feature_1560,0.0,0.0,abs_coefficient
feature_1559,0.0,0.0,abs_coefficient
feature_1558,0.0,0.0,abs_coefficient
feature_1557,0.0,0.0,abs_coefficient
feature_1556,0.0,0.0,abs_coefficient
feature_1555,0.0,0.0,abs_coefficient
feature_1539,0.0,0.0,abs_coefficient
feature_1553,0.0,0.0,abs_coefficient
feature_1552,0.0,0.0,abs_coefficient
feature_1551,0.0,0.0,abs_coefficient
feature_1550,0.0,0.0,abs_coefficient
feature_1549,0.0,0.0,abs_coefficient
feature_1547,0.0,0.0,abs_coefficient
feature_1546,0.0,0.0,abs_coefficient
feature_1545,0.0,0.0,abs_coefficient
feature_1544,0.0,0.0,abs_coefficient
feature_1543,0.0,0.0,abs_coefficient
feature_1541,0.0,0.0,abs_coefficient
feature_1540,0.0,0.0,abs_coefficient
feature_1554,0.0,0.0,abs_coefficient
feature_1486,0.0,0.0,abs_coefficient
feature_1485,0.0,0.0,abs_coefficient
feature_1484,0.0,0.0,abs_coefficient
feature_1483,0.0,0.0,abs_coefficient
feature_1482,0.0,0.0,abs_coefficient
feature_1481,0.0,0.0,abs_coefficient
feature_1480,0.0,0.0,abs_coefficient
feature_1479,0.0,0.0,abs_coefficient
feature_1478,0.0,0.0,abs_coefficient
feature_1477,0.0,0.0,abs_coefficient
feature_1476,0.0,0.0,abs_coefficient
feature_1514,0.0,0.0,abs_coefficient
feature_1474,0.0,0.0,abs_coefficient
feature_1473,0.0,0.0,abs_coefficient
feature_1472,0.0,0.0,abs_coefficient
feature_1471,0.0,0.0,abs_coefficient
feature_1470,0.0,0.0,abs_coefficient
feature_1469,0.0,0.0,abs_coefficient
feature_1468,0.0,0.0,abs_coefficient
feature_1467,0.0,0.0,abs_coefficient
feature_1466,0.0,0.0,abs_coefficient
feature_1465,0.0,0.0,abs_coefficient
feature_1464,0.0,0.0,abs_coefficient
feature_1463,0.0,0.0,abs_coefficient
feature_1475,0.0,0.0,abs_coefficient
feature_1513,0.0,0.0,abs_coefficient
feature_1512,0.0,0.0,abs_coefficient
feature_1511,0.0,0.0,abs_coefficient
feature_1510,0.0,0.0,abs_coefficient
feature_1509,0.0,0.0,abs_coefficient
feature_1508,0.0,0.0,abs_coefficient
feature_1507,0.0,0.0,abs_coefficient
feature_1506,0.0,0.0,abs_coefficient
feature_1504,0.0,0.0,abs_coefficient
feature_1503,0.0,0.0,abs_coefficient
feature_1502,0.0,0.0,abs_coefficient
feature_1501,0.0,0.0,abs_coefficient
feature_1487,0.0,0.0,abs_coefficient
feature_1499,0.0,0.0,abs_coefficient
feature_1498,0.0,0.0,abs_coefficient
feature_1497,0.0,0.0,abs_coefficient
feature_1496,0.0,0.0,abs_coefficient
feature_1495,0.0,0.0,abs_coefficient
feature_1494,0.0,0.0,abs_coefficient
feature_1493,0.0,0.0,abs_coefficient
feature_1492,0.0,0.0,abs_coefficient
feature_1491,0.0,0.0,abs_coefficient
feature_1490,0.0,0.0,abs_coefficient
feature_1489,0.0,0.0,abs_coefficient
feature_1488,0.0,0.0,abs_coefficient
feature_1500,0.0,0.0,abs_coefficient
feature_1643,0.0,0.0,abs_coefficient
feature_1642,0.0,0.0,abs_coefficient
feature_1641,0.0,0.0,abs_coefficient
feature_1640,0.0,0.0,abs_coefficient
feature_1639,0.0,0.0,abs_coefficient
feature_1638,0.0,0.0,abs_coefficient
feature_1637,0.0,0.0,abs_coefficient
feature_1636,0.0,0.0,abs_coefficient
feature_1635,0.0,0.0,abs_coefficient
feature_1634,0.0,0.0,abs_coefficient
feature_1633,0.0,0.0,abs_coefficient
feature_1567,0.0,0.0,abs_coefficient
feature_1631,0.0,0.0,abs_coefficient
feature_1630,0.0,0.0,abs_coefficient
feature_1629,0.0,0.0,abs_coefficient
feature_1628,0.0,0.0,abs_coefficient
feature_1627,0.0,0.0,abs_coefficient
feature_1626,0.0,0.0,abs_coefficient
feature_1625,0.0,0.0,abs_coefficient
feature_1624,0.0,0.0,abs_coefficient
feature_1623,0.0,0.0,abs_coefficient
feature_1622,0.0,0.0,abs_coefficient
feature_1621,0.0,0.0,abs_coefficient
feature_1620,0.0,0.0,abs_coefficient
feature_1632,0.0,0.0,abs_coefficient
feature_1670,0.0,0.0,abs_coefficient
feature_1669,0.0,0.0,abs_coefficient
feature_1668,0.0,0.0,abs_coefficient
feature_1667,0.0,0.0,abs_coefficient
feature_1666,0.0,0.0,abs_coefficient
feature_1665,0.0,0.0,abs_coefficient
feature_1664,0.0,0.0,abs_coefficient
feature_1663,0.0,0.0,abs_coefficient
feature_1662,0.0,0.0,abs_coefficient
feature_1661,0.0,0.0,abs_coefficient
feature_1660,0.0,0.0,abs_coefficient
feature_1659,0.0,0.0,abs_coefficient
feature_1644,0.0,0.0,abs_coefficient
feature_1657,0.0,0.0,abs_coefficient
feature_1656,0.0,0.0,abs_coefficient
feature_1655,0.0,0.0,abs_coefficient
feature_1654,0.0,0.0,abs_coefficient
feature_1653,0.0,0.0,abs_coefficient
feature_1652,0.0,0.0,abs_coefficient
feature_1651,0.0,0.0,abs_coefficient
feature_1650,0.0,0.0,abs_coefficient
feature_1649,0.0,0.0,abs_coefficient
feature_1647,0.0,0.0,abs_coefficient
feature_1646,0.0,0.0,abs_coefficient
feature_1645,0.0,0.0,abs_coefficient
feature_1658,0.0,0.0,abs_coefficient
feature_1592,0.0,0.0,abs_coefficient
feature_1591,0.0,0.0,abs_coefficient
feature_1590,0.0,0.0,abs_coefficient
feature_1589,0.0,0.0,abs_coefficient
feature_1588,0.0,0.0,abs_coefficient
feature_1587,0.0,0.0,abs_coefficient
feature_1586,0.0,0.0,abs_coefficient
feature_1585,0.0,0.0,abs_coefficient
feature_1584,0.0,0.0,abs_coefficient
feature_1583,0.0,0.0,abs_coefficient
feature_1582,0.0,0.0,abs_coefficient
feature_1619,0.0,0.0,abs_coefficient
feature_1580,0.0,0.0,abs_coefficient
feature_1579,0.0,0.0,abs_coefficient
feature_1578,0.0,0.0,abs_coefficient
feature_1577,0.0,0.0,abs_coefficient
feature_1576,0.0,0.0,abs_coefficient
feature_1575,0.0,0.0,abs_coefficient
feature_1574,0.0,0.0,abs_coefficient
feature_1573,0.0,0.0,abs_coefficient
feature_1571,0.0,0.0,abs_coefficient
feature_1570,0.0,0.0,abs_coefficient
feature_1569,0.0,0.0,abs_coefficient
feature_1568,0.0,0.0,abs_coefficient
feature_1581,0.0,0.0,abs_coefficient
feature_1618,0.0,0.0,abs_coefficient
feature_1617,0.0,0.0,abs_coefficient
feature_1616,0.0,0.0,abs_coefficient
feature_1615,0.0,0.0,abs_coefficient
feature_1614,0.0,0.0,abs_coefficient
feature_1613,0.0,0.0,abs_coefficient
feature_1612,0.0,0.0,abs_coefficient
feature_1611,0.0,0.0,abs_coefficient
feature_1610,0.0,0.0,abs_coefficient
feature_1609,0.0,0.0,abs_coefficient
feature_1608,0.0,0.0,abs_coefficient
feature_1607,0.0,0.0,abs_coefficient
feature_1593,0.0,0.0,abs_coefficient
feature_1605,0.0,0.0,abs_coefficient
feature_1604,0.0,0.0,abs_coefficient
feature_1603,0.0,0.0,abs_coefficient
feature_1602,0.0,0.0,abs_coefficient
feature_1601,0.0,0.0,abs_coefficient
feature_1600,0.0,0.0,abs_coefficient
feature_1599,0.0,0.0,abs_coefficient
feature_1598,0.0,0.0,abs_coefficient
feature_1597,0.0,0.0,abs_coefficient
feature_1596,0.0,0.0,abs_coefficient
feature_1595,0.0,0.0,abs_coefficient
feature_1594,0.0,0.0,abs_coefficient
feature_1606,0.0,0.0,abs_coefficient
feature_1329,0.0,0.0,abs_coefficient
feature_1328,0.0,0.0,abs_coefficient
feature_1327,0.0,0.0,abs_coefficient
feature_1326,0.0,0.0,abs_coefficient
feature_1325,0.0,0.0,abs_coefficient
feature_1324,0.0,0.0,abs_coefficient
feature_1323,0.0,0.0,abs_coefficient
feature_1322,0.0,0.0,abs_coefficient
feature_1321,0.0,0.0,abs_coefficient
feature_1320,0.0,0.0,abs_coefficient
feature_1319,0.0,0.0,abs_coefficient
feature_1462,0.0,0.0,abs_coefficient
feature_1317,0.0,0.0,abs_coefficient
feature_1316,0.0,0.0,abs_coefficient
feature_1315,0.0,0.0,abs_coefficient
feature_1314,0.0,0.0,abs_coefficient
feature_1313,0.0,0.0,abs_coefficient
feature_1312,0.0,0.0,abs_coefficient
feature_1310,0.0,0.0,abs_coefficient
feature_1309,0.0,0.0,abs_coefficient
feature_1308,0.0,0.0,abs_coefficient
feature_1307,0.0,0.0,abs_coefficient
feature_1306,0.0,0.0,abs_coefficient
feature_1305,0.0,0.0,abs_coefficient
feature_1318,0.0,0.0,abs_coefficient
feature_1355,0.0,0.0,abs_coefficient
feature_1354,0.0,0.0,abs_coefficient
feature_1353,0.0,0.0,abs_coefficient
feature_1352,0.0,0.0,abs_coefficient
feature_1351,0.0,0.0,abs_coefficient
feature_1350,0.0,0.0,abs_coefficient
feature_1349,0.0,0.0,abs_coefficient
feature_1348,0.0,0.0,abs_coefficient
feature_1347,0.0,0.0,abs_coefficient
feature_1346,0.0,0.0,abs_coefficient
feature_1345,0.0,0.0,abs_coefficient
feature_1344,0.0,0.0,abs_coefficient
feature_1330,0.0,0.0,abs_coefficient
feature_1342,0.0,0.0,abs_coefficient
feature_1341,0.0,0.0,abs_coefficient
feature_1340,0.0,0.0,abs_coefficient
feature_1339,0.0,0.0,abs_coefficient
feature_1338,0.0,0.0,abs_coefficient
feature_1337,0.0,0.0,abs_coefficient
feature_1336,0.0,0.0,abs_coefficient
feature_1335,0.0,0.0,abs_coefficient
feature_1334,0.0,0.0,abs_coefficient
feature_1333,0.0,0.0,abs_coefficient
feature_1332,0.0,0.0,abs_coefficient
feature_1331,0.0,0.0,abs_coefficient
feature_1343,0.0,0.0,abs_coefficient
feature_1277,0.0,0.0,abs_coefficient
feature_1276,0.0,0.0,abs_coefficient
feature_1275,0.0,0.0,abs_coefficient
feature_1274,0.0,0.0,abs_coefficient
feature_1273,0.0,0.0,abs_coefficient
feature_1272,0.0,0.0,abs_coefficient
feature_1271,0.0,0.0,abs_coefficient
feature_1270,0.0,0.0,abs_coefficient
feature_1269,0.0,0.0,abs_coefficient
feature_1268,0.0,0.0,abs_coefficient
feature_1267,0.0,0.0,abs_coefficient
feature_1304,0.0,0.0,abs_coefficient
feature_1265,0.0,0.0,abs_coefficient
feature_1264,0.0,0.0,abs_coefficient
feature_1263,0.0,0.0,abs_coefficient
feature_1262,0.0,0.0,abs_coefficient
feature_1261,0.0,0.0,abs_coefficient
feature_1260,0.0,0.0,abs_coefficient
feature_1259,0.0,0.0,abs_coefficient
feature_1258,0.0,0.0,abs_coefficient
feature_1257,0.0,0.0,abs_coefficient
feature_1256,0.0,0.0,abs_coefficient
feature_1255,0.0,0.0,abs_coefficient
feature_1254,0.0,0.0,abs_coefficient
feature_1266,0.0,0.0,abs_coefficient
feature_1303,0.0,0.0,abs_coefficient
feature_1302,0.0,0.0,abs_coefficient
feature_1301,0.0,0.0,abs_coefficient
feature_1300,0.0,0.0,abs_coefficient
feature_1299,0.0,0.0,abs_coefficient
feature_1298,0.0,0.0,abs_coefficient
feature_1297,0.0,0.0,abs_coefficient
feature_1296,0.0,0.0,abs_coefficient
feature_1295,0.0,0.0,abs_coefficient
feature_1294,0.0,0.0,abs_coefficient
feature_1293,0.0,0.0,abs_coefficient
feature_1292,0.0,0.0,abs_coefficient
feature_1278,0.0,0.0,abs_coefficient
feature_1290,0.0,0.0,abs_coefficient
feature_1289,0.0,0.0,abs_coefficient
feature_1288,0.0,0.0,abs_coefficient
feature_1287,0.0,0.0,abs_coefficient
feature_1286,0.0,0.0,abs_coefficient
feature_1285,0.0,0.0,abs_coefficient
feature_1284,0.0,0.0,abs_coefficient
feature_1283,0.0,0.0,abs_coefficient
feature_1282,0.0,0.0,abs_coefficient
feature_1281,0.0,0.0,abs_coefficient
feature_1280,0.0,0.0,abs_coefficient
feature_1279,0.0,0.0,abs_coefficient
feature_1291,0.0,0.0,abs_coefficient
feature_1433,0.0,0.0,abs_coefficient
feature_1432,0.0,0.0,abs_coefficient
feature_1431,0.0,0.0,abs_coefficient
feature_1430,0.0,0.0,abs_coefficient
feature_1429,0.0,0.0,abs_coefficient
feature_1428,0.0,0.0,abs_coefficient
feature_1427,0.0,0.0,abs_coefficient
feature_1426,0.0,0.0,abs_coefficient
feature_1425,0.0,0.0,abs_coefficient
feature_1424,0.0,0.0,abs_coefficient
feature_1423,0.0,0.0,abs_coefficient
feature_1356,0.0,0.0,abs_coefficient
feature_1421,0.0,0.0,abs_coefficient
feature_1420,0.0,0.0,abs_coefficient
feature_1419,0.0,0.0,abs_coefficient
feature_1418,0.0,0.0,abs_coefficient
feature_1417,0.0,0.0,abs_coefficient
feature_1416,0.0,0.0,abs_coefficient
feature_1415,0.0,0.0,abs_coefficient
feature_1414,0.0,0.0,abs_coefficient
feature_1413,0.0,0.0,abs_coefficient
feature_1412,0.0,0.0,abs_coefficient
feature_1411,0.0,0.0,abs_coefficient
feature_1410,0.0,0.0,abs_coefficient
feature_1422,0.0,0.0,abs_coefficient
feature_1461,0.0,0.0,abs_coefficient
feature_1460,0.0,0.0,abs_coefficient
feature_1459,0.0,0.0,abs_coefficient
feature_1458,0.0,0.0,abs_coefficient
feature_1457,0.0,0.0,abs_coefficient
feature_1456,0.0,0.0,abs_coefficient
feature_1455,0.0,0.0,abs_coefficient
feature_1454,0.0,0.0,abs_coefficient
feature_1452,0.0,0.0,abs_coefficient
feature_1451,0.0,0.0,abs_coefficient
feature_1450,0.0,0.0,abs_coefficient
feature_1449,0.0,0.0,abs_coefficient
feature_1434,0.0,0.0,abs_coefficient
feature_1447,0.0,0.0,abs_coefficient
feature_1446,0.0,0.0,abs_coefficient
feature_1445,0.0,0.0,abs_coefficient
feature_1444,0.0,0.0,abs_coefficient
feature_1443,0.0,0.0,abs_coefficient
feature_1442,0.0,0.0,abs_coefficient
feature_1441,0.0,0.0,abs_coefficient
feature_1440,0.0,0.0,abs_coefficient
feature_1439,0.0,0.0,abs_coefficient
feature_1438,0.0,0.0,abs_coefficient
feature_1437,0.0,0.0,abs_coefficient
feature_1436,0.0,0.0,abs_coefficient
feature_1448,0.0,0.0,abs_coefficient
feature_1380,0.0,0.0,abs_coefficient
feature_1379,0.0,0.0,abs_coefficient
feature_1378,0.0,0.0,abs_coefficient
feature_1377,0.0,0.0,abs_coefficient
feature_1376,0.0,0.0,abs_coefficient
feature_1375,0.0,0.0,abs_coefficient
feature_1374,0.0,0.0,abs_coefficient
feature_1373,0.0,0.0,abs_coefficient
feature_1372,0.0,0.0,abs_coefficient
feature_1371,0.0,0.0,abs_coefficient
feature_1370,0.0,0.0,abs_coefficient
feature_1408,0.0,0.0,abs_coefficient
feature_1368,0.0,0.0,abs_coefficient
feature_1367,0.0,0.0,abs_coefficient
feature_1366,0.0,0.0,abs_coefficient
feature_1365,0.0,0.0,abs_coefficient
feature_1364,0.0,0.0,abs_coefficient
feature_1363,0.0,0.0,abs_coefficient
feature_1362,0.0,0.0,abs_coefficient
feature_1361,0.0,0.0,abs_coefficient
feature_1360,0.0,0.0,abs_coefficient
feature_1359,0.0,0.0,abs_coefficient
feature_1358,0.0,0.0,abs_coefficient
feature_1357,0.0,0.0,abs_coefficient
feature_1369,0.0,0.0,abs_coefficient
feature_1407,0.0,0.0,abs_coefficient
feature_1406,0.0,0.0,abs_coefficient
feature_1405,0.0,0.0,abs_coefficient
feature_1404,0.0,0.0,abs_coefficient
feature_1403,0.0,0.0,abs_coefficient
feature_1402,0.0,0.0,abs_coefficient
feature_1401,0.0,0.0,abs_coefficient
feature_1400,0.0,0.0,abs_coefficient
feature_1398,0.0,0.0,abs_coefficient
feature_1397,0.0,0.0,abs_coefficient
feature_1396,0.0,0.0,abs_coefficient
feature_1395,0.0,0.0,abs_coefficient
feature_1381,0.0,0.0,abs_coefficient
feature_1393,0.0,0.0,abs_coefficient
feature_1392,0.0,0.0,abs_coefficient
feature_1391,0.0,0.0,abs_coefficient
feature_1390,0.0,0.0,abs_coefficient
feature_1389,0.0,0.0,abs_coefficient
feature_1388,0.0,0.0,abs_coefficient
feature_1387,0.0,0.0,abs_coefficient
feature_1386,0.0,0.0,abs_coefficient
feature_1385,0.0,0.0,abs_coefficient
feature_1384,0.0,0.0,abs_coefficient
feature_1383,0.0,0.0,abs_coefficient
feature_1382,0.0,0.0,abs_coefficient
feature_1394,0.0,0.0,abs_coefficient
feature_0285,0.0,0.0,abs_coefficient
feature_0284,0.0,0.0,abs_coefficient
feature_0283,0.0,0.0,abs_coefficient
feature_0282,0.0,0.0,abs_coefficient
feature_0281,0.0,0.0,abs_coefficient
feature_0280,0.0,0.0,abs_coefficient
feature_0279,0.0,0.0,abs_coefficient
feature_0278,0.0,0.0,abs_coefficient
feature_0277,0.0,0.0,abs_coefficient
feature_0276,0.0,0.0,abs_coefficient
feature_0275,0.0,0.0,abs_coefficient
feature_0833,0.0,0.0,abs_coefficient
feature_0273,0.0,0.0,abs_coefficient
feature_0272,0.0,0.0,abs_coefficient
feature_0271,0.0,0.0,abs_coefficient
feature_0270,0.0,0.0,abs_coefficient
feature_0269,0.0,0.0,abs_coefficient
feature_0268,0.0,0.0,abs_coefficient
feature_0267,0.0,0.0,abs_coefficient
feature_0266,0.0,0.0,abs_coefficient
feature_0265,0.0,0.0,abs_coefficient
feature_0264,0.0,0.0,abs_coefficient
feature_0263,0.0,0.0,abs_coefficient
feature_0262,0.0,0.0,abs_coefficient
feature_0274,0.0,0.0,abs_coefficient
feature_0311,0.0,0.0,abs_coefficient
feature_0310,0.0,0.0,abs_coefficient
feature_0309,0.0,0.0,abs_coefficient
feature_0308,0.0,0.0,abs_coefficient
feature_0307,0.0,0.0,abs_coefficient
feature_0306,0.0,0.0,abs_coefficient
feature_0305,0.0,0.0,abs_coefficient
feature_0304,0.0,0.0,abs_coefficient
feature_0303,0.0,0.0,abs_coefficient
feature_0302,0.0,0.0,abs_coefficient
feature_0301,0.0,0.0,abs_coefficient
feature_0300,0.0,0.0,abs_coefficient
feature_0286,0.0,0.0,abs_coefficient
feature_0298,0.0,0.0,abs_coefficient
feature_0297,0.0,0.0,abs_coefficient
feature_0296,0.0,0.0,abs_coefficient
feature_0295,0.0,0.0,abs_coefficient
feature_0294,0.0,0.0,abs_coefficient
feature_0293,0.0,0.0,abs_coefficient
feature_0292,0.0,0.0,abs_coefficient
feature_0291,0.0,0.0,abs_coefficient
feature_0290,0.0,0.0,abs_coefficient
feature_0289,0.0,0.0,abs_coefficient
feature_0288,0.0,0.0,abs_coefficient
feature_0287,0.0,0.0,abs_coefficient
feature_0299,0.0,0.0,abs_coefficient
feature_0233,0.0,0.0,abs_coefficient
feature_0232,0.0,0.0,abs_coefficient
feature_0231,0.0,0.0,abs_coefficient
feature_0230,0.0,0.0,abs_coefficient
feature_0229,0.0,0.0,abs_coefficient
feature_0228,0.0,0.0,abs_coefficient
feature_0227,0.0,0.0,abs_coefficient
feature_0226,0.0,0.0,abs_coefficient
feature_0225,0.0,0.0,abs_coefficient
feature_0224,0.0,0.0,abs_coefficient
feature_0223,0.0,0.0,abs_coefficient
feature_0261,0.0,0.0,abs_coefficient
feature_0220,0.0,0.0,abs_coefficient
feature_0219,0.0,0.0,abs_coefficient
feature_0218,0.0,0.0,abs_coefficient
feature_0217,0.0,0.0,abs_coefficient
feature_0216,0.0,0.0,abs_coefficient
feature_0215,0.0,0.0,abs_coefficient
feature_0214,0.0,0.0,abs_coefficient
feature_0213,0.0,0.0,abs_coefficient
feature_0212,0.0,0.0,abs_coefficient
feature_0211,0.0,0.0,abs_coefficient
feature_0210,0.0,0.0,abs_coefficient
feature_0209,0.0,0.0,abs_coefficient
feature_0222,0.0,0.0,abs_coefficient
feature_0260,0.0,0.0,abs_coefficient
feature_0259,0.0,0.0,abs_coefficient
feature_0258,0.0,0.0,abs_coefficient
feature_0257,0.0,0.0,abs_coefficient
feature_0256,0.0,0.0,abs_coefficient
feature_0255,0.0,0.0,abs_coefficient
feature_0254,0.0,0.0,abs_coefficient
feature_0253,0.0,0.0,abs_coefficient
feature_0252,0.0,0.0,abs_coefficient
feature_0251,0.0,0.0,abs_coefficient
feature_0250,0.0,0.0,abs_coefficient
feature_0249,0.0,0.0,abs_coefficient
feature_0234,0.0,0.0,abs_coefficient
feature_0247,0.0,0.0,abs_coefficient
feature_0246,0.0,0.0,abs_coefficient
feature_0245,0.0,0.0,abs_coefficient
feature_0243,0.0,0.0,abs_coefficient
feature_0242,0.0,0.0,abs_coefficient
feature_0241,0.0,0.0,abs_coefficient
feature_0240,0.0,0.0,abs_coefficient
feature_0239,0.0,0.0,abs_coefficient
feature_0238,0.0,0.0,abs_coefficient
feature_0237,0.0,0.0,abs_coefficient
feature_0236,0.0,0.0,abs_coefficient
feature_0235,0.0,0.0,abs_coefficient
feature_0248,0.0,0.0,abs_coefficient
feature_0390,0.0,0.0,abs_coefficient
feature_0389,0.0,0.0,abs_coefficient
feature_0388,0.0,0.0,abs_coefficient
feature_0387,0.0,0.0,abs_coefficient
feature_0386,0.0,0.0,abs_coefficient
feature_0385,0.0,0.0,abs_coefficient
feature_0384,0.0,0.0,abs_coefficient
feature_0383,0.0,0.0,abs_coefficient
feature_0381,0.0,0.0,abs_coefficient
feature_0380,0.0,0.0,abs_coefficient
feature_0379,0.0,0.0,abs_coefficient
feature_0312,0.0,0.0,abs_coefficient
feature_0377,0.0,0.0,abs_coefficient
feature_0376,0.0,0.0,abs_coefficient
feature_0375,0.0,0.0,abs_coefficient
feature_0374,0.0,0.0,abs_coefficient
feature_0373,0.0,0.0,abs_coefficient
feature_0372,0.0,0.0,abs_coefficient
feature_0371,0.0,0.0,abs_coefficient
feature_0370,0.0,0.0,abs_coefficient
feature_0369,0.0,0.0,abs_coefficient
feature_0367,0.0,0.0,abs_coefficient
feature_0366,0.0,0.0,abs_coefficient
feature_0365,0.0,0.0,abs_coefficient
feature_0378,0.0,0.0,abs_coefficient
feature_0416,0.0,0.0,abs_coefficient
feature_0415,0.0,0.0,abs_coefficient
feature_0414,0.0,0.0,abs_coefficient
feature_0413,0.0,0.0,abs_coefficient
feature_0412,0.0,0.0,abs_coefficient
feature_0411,0.0,0.0,abs_coefficient
feature_0410,0.0,0.0,abs_coefficient
feature_0409,0.0,0.0,abs_coefficient
feature_0408,0.0,0.0,abs_coefficient
feature_0407,0.0,0.0,abs_coefficient
feature_0406,0.0,0.0,abs_coefficient
feature_0405,0.0,0.0,abs_coefficient
feature_0391,0.0,0.0,abs_coefficient
feature_0403,0.0,0.0,abs_coefficient
feature_0402,0.0,0.0,abs_coefficient
feature_0401,0.0,0.0,abs_coefficient
feature_0400,0.0,0.0,abs_coefficient
feature_0399,0.0,0.0,abs_coefficient
feature_0398,0.0,0.0,abs_coefficient
feature_0397,0.0,0.0,abs_coefficient
feature_0396,0.0,0.0,abs_coefficient
feature_0395,0.0,0.0,abs_coefficient
feature_0394,0.0,0.0,abs_coefficient
feature_0393,0.0,0.0,abs_coefficient
feature_0392,0.0,0.0,abs_coefficient
feature_0404,0.0,0.0,abs_coefficient
feature_0336,0.0,0.0,abs_coefficient
feature_0335,0.0,0.0,abs_coefficient
feature_0334,0.0,0.0,abs_coefficient
feature_0333,0.0,0.0,abs_coefficient
feature_0332,0.0,0.0,abs_coefficient
feature_0331,0.0,0.0,abs_coefficient
feature_0330,0.0,0.0,abs_coefficient
feature_0329,0.0,0.0,abs_coefficient
feature_0328,0.0,0.0,abs_coefficient
feature_0327,0.0,0.0,abs_coefficient
feature_0326,0.0,0.0,abs_coefficient
feature_0364,0.0,0.0,abs_coefficient
feature_0324,0.0,0.0,abs_coefficient
feature_0323,0.0,0.0,abs_coefficient
feature_0322,0.0,0.0,abs_coefficient
feature_0321,0.0,0.0,abs_coefficient
feature_0320,0.0,0.0,abs_coefficient
feature_0319,0.0,0.0,abs_coefficient
feature_0318,0.0,0.0,abs_coefficient
feature_0317,0.0,0.0,abs_coefficient
feature_0316,0.0,0.0,abs_coefficient
feature_0315,0.0,0.0,abs_coefficient
feature_0314,0.0,0.0,abs_coefficient
feature_0313,0.0,0.0,abs_coefficient
feature_0325,0.0,0.0,abs_coefficient
feature_0363,0.0,0.0,abs_coefficient
feature_0361,0.0,0.0,abs_coefficient
feature_0360,0.0,0.0,abs_coefficient
feature_0359,0.0,0.0,abs_coefficient
feature_0358,0.0,0.0,abs_coefficient
feature_0357,0.0,0.0,abs_coefficient
feature_0356,0.0,0.0,abs_coefficient
feature_0355,0.0,0.0,abs_coefficient
feature_0354,0.0,0.0,abs_coefficient
feature_0353,0.0,0.0,abs_coefficient
feature_0352,0.0,0.0,abs_coefficient
feature_0351,0.0,0.0,abs_coefficient
feature_0337,0.0,0.0,abs_coefficient
feature_0349,0.0,0.0,abs_coefficient
feature_0348,0.0,0.0,abs_coefficient
feature_0347,0.0,0.0,abs_coefficient
feature_0346,0.0,0.0,abs_coefficient
feature_0345,0.0,0.0,abs_coefficient
feature_0344,0.0,0.0,abs_coefficient
feature_0343,0.0,0.0,abs_coefficient
feature_0342,0.0,0.0,abs_coefficient
feature_0341,0.0,0.0,abs_coefficient
feature_0340,0.0,0.0,abs_coefficient
feature_0339,0.0,0.0,abs_coefficient
feature_0338,0.0,0.0,abs_coefficient
feature_0350,0.0,0.0,abs_coefficient
feature_0077,0.0,0.0,abs_coefficient
feature_0076,0.0,0.0,abs_coefficient
feature_0075,0.0,0.0,abs_coefficient
feature_0074,0.0,0.0,abs_coefficient
feature_0073,0.0,0.0,abs_coefficient
feature_0072,0.0,0.0,abs_coefficient
feature_0070,0.0,0.0,abs_coefficient
feature_0069,0.0,0.0,abs_coefficient
feature_0068,0.0,0.0,abs_coefficient
feature_0067,0.0,0.0,abs_coefficient
feature_0066,0.0,0.0,abs_coefficient
feature_0208,0.0,0.0,abs_coefficient
feature_0064,0.0,0.0,abs_coefficient
feature_0063,0.0,0.0,abs_coefficient
feature_0062,0.0,0.0,abs_coefficient
feature_0061,0.0,0.0,abs_coefficient
feature_0060,0.0,0.0,abs_coefficient
feature_0059,0.0,0.0,abs_coefficient
feature_0058,0.0,0.0,abs_coefficient
feature_0057,0.0,0.0,abs_coefficient
feature_0056,0.0,0.0,abs_coefficient
feature_0055,0.0,0.0,abs_coefficient
feature_0053,0.0,0.0,abs_coefficient
feature_0052,0.0,0.0,abs_coefficient
feature_0065,0.0,0.0,abs_coefficient
feature_0103,0.0,0.0,abs_coefficient
feature_0102,0.0,0.0,abs_coefficient
feature_0101,0.0,0.0,abs_coefficient
feature_0100,0.0,0.0,abs_coefficient
feature_0099,0.0,0.0,abs_coefficient
feature_0098,0.0,0.0,abs_coefficient
feature_0097,0.0,0.0,abs_coefficient
feature_0096,0.0,0.0,abs_coefficient
feature_0095,0.0,0.0,abs_coefficient
feature_0094,0.0,0.0,abs_coefficient
feature_0093,0.0,0.0,abs_coefficient
feature_0092,0.0,0.0,abs_coefficient
feature_0078,0.0,0.0,abs_coefficient
feature_0090,0.0,0.0,abs_coefficient
feature_0089,0.0,0.0,abs_coefficient
feature_0088,0.0,0.0,abs_coefficient
feature_0087,0.0,0.0,abs_coefficient
feature_0086,0.0,0.0,abs_coefficient
feature_0085,0.0,0.0,abs_coefficient
feature_0084,0.0,0.0,abs_coefficient
feature_0083,0.0,0.0,abs_coefficient
feature_0082,0.0,0.0,abs_coefficient
feature_0081,0.0,0.0,abs_coefficient
feature_0080,0.0,0.0,abs_coefficient
feature_0079,0.0,0.0,abs_coefficient
feature_0091,0.0,0.0,abs_coefficient
feature_0024,0.0,0.0,abs_coefficient
feature_0023,0.0,0.0,abs_coefficient
feature_0022,0.0,0.0,abs_coefficient
feature_0021,0.0,0.0,abs_coefficient
feature_0020,0.0,0.0,abs_coefficient
feature_0019,0.0,0.0,abs_coefficient
feature_0018,0.0,0.0,abs_coefficient
feature_0017,0.0,0.0,abs_coefficient
feature_0016,0.0,0.0,abs_coefficient
feature_0015,0.0,0.0,abs_coefficient
feature_0014,0.0,0.0,abs_coefficient
feature_0051,0.0,0.0,abs_coefficient
feature_0012,0.0,0.0,abs_coefficient
feature_0002,0.0,0.0,abs_coefficient
feature_0010,0.0,0.0,abs_coefficient
feature_0009,0.0,0.0,abs_coefficient
feature_0008,0.0,0.0,abs_coefficient
feature_0007,0.0,0.0,abs_coefficient
feature_0006,0.0,0.0,abs_coefficient
feature_0005,0.0,0.0,abs_coefficient
feature_0004,0.0,0.0,abs_coefficient
feature_6571,0.0,0.0,abs_coefficient
feature_0035,0.0,0.0,abs_coefficient
feature_6539,0.0,0.0,abs_coefficient
feature_0013,0.0,0.0,abs_coefficient
feature_0050,0.0,0.0,abs_coefficient
feature_0049,0.0,0.0,abs_coefficient
feature_0048,0.0,0.0,abs_coefficient
feature_0047,0.0,0.0,abs_coefficient
feature_0046,0.0,0.0,abs_coefficient
feature_0045,0.0,0.0,abs_coefficient
feature_0044,0.0,0.0,abs_coefficient
feature_0043,0.0,0.0,abs_coefficient
feature_0042,0.0,0.0,abs_coefficient
feature_0041,0.0,0.0,abs_coefficient
feature_0040,0.0,0.0,abs_coefficient
feature_0039,0.0,0.0,abs_coefficient
feature_0025,0.0,0.0,abs_coefficient
feature_0037,0.0,0.0,abs_coefficient
feature_0036,0.0,0.0,abs_coefficient
feature_0011,0.0,0.0,abs_coefficient
feature_0034,0.0,0.0,abs_coefficient
feature_0033,0.0,0.0,abs_coefficient
feature_0032,0.0,0.0,abs_coefficient
feature_0031,0.0,0.0,abs_coefficient
feature_0030,0.0,0.0,abs_coefficient
feature_0029,0.0,0.0,abs_coefficient
feature_0028,0.0,0.0,abs_coefficient
feature_0027,0.0,0.0,abs_coefficient
feature_0026,0.0,0.0,abs_coefficient
feature_0038,0.0,0.0,abs_coefficient
feature_0181,0.0,0.0,abs_coefficient
feature_0180,0.0,0.0,abs_coefficient
feature_0179,0.0,0.0,abs_coefficient
feature_0178,0.0,0.0,abs_coefficient
feature_0177,0.0,0.0,abs_coefficient
feature_0176,0.0,0.0,abs_coefficient
feature_0175,0.0,0.0,abs_coefficient
feature_0174,0.0,0.0,abs_coefficient
feature_0173,0.0,0.0,abs_coefficient
feature_0172,0.0,0.0,abs_coefficient
feature_0171,0.0,0.0,abs_coefficient
feature_0104,0.0,0.0,abs_coefficient
feature_0169,0.0,0.0,abs_coefficient
feature_0168,0.0,0.0,abs_coefficient
feature_0167,0.0,0.0,abs_coefficient
feature_0166,0.0,0.0,abs_coefficient
feature_0165,0.0,0.0,abs_coefficient
feature_0164,0.0,0.0,abs_coefficient
feature_0163,0.0,0.0,abs_coefficient
feature_0162,0.0,0.0,abs_coefficient
feature_0161,0.0,0.0,abs_coefficient
feature_0160,0.0,0.0,abs_coefficient
feature_0159,0.0,0.0,abs_coefficient
feature_0158,0.0,0.0,abs_coefficient
feature_0170,0.0,0.0,abs_coefficient
feature_0207,0.0,0.0,abs_coefficient
feature_0206,0.0,0.0,abs_coefficient
feature_0205,0.0,0.0,abs_coefficient
feature_0204,0.0,0.0,abs_coefficient
feature_0203,0.0,0.0,abs_coefficient
feature_0202,0.0,0.0,abs_coefficient
feature_0201,0.0,0.0,abs_coefficient
feature_0200,0.0,0.0,abs_coefficient
feature_0199,0.0,0.0,abs_coefficient
feature_0198,0.0,0.0,abs_coefficient
feature_0197,0.0,0.0,abs_coefficient
feature_0196,0.0,0.0,abs_coefficient
feature_0182,0.0,0.0,abs_coefficient
feature_0194,0.0,0.0,abs_coefficient
feature_0193,0.0,0.0,abs_coefficient
feature_0192,0.0,0.0,abs_coefficient
feature_0191,0.0,0.0,abs_coefficient
feature_0190,0.0,0.0,abs_coefficient
feature_0189,0.0,0.0,abs_coefficient
feature_0188,0.0,0.0,abs_coefficient
feature_0187,0.0,0.0,abs_coefficient
feature_0186,0.0,0.0,abs_coefficient
feature_0185,0.0,0.0,abs_coefficient
feature_0184,0.0,0.0,abs_coefficient
feature_0183,0.0,0.0,abs_coefficient
feature_0195,0.0,0.0,abs_coefficient
feature_0130,0.0,0.0,abs_coefficient
feature_0129,0.0,0.0,abs_coefficient
feature_0128,0.0,0.0,abs_coefficient
feature_0127,0.0,0.0,abs_coefficient
feature_0126,0.0,0.0,abs_coefficient
feature_0125,0.0,0.0,abs_coefficient
feature_0123,0.0,0.0,abs_coefficient
feature_0122,0.0,0.0,abs_coefficient
feature_0121,0.0,0.0,abs_coefficient
feature_0120,0.0,0.0,abs_coefficient
feature_0119,0.0,0.0,abs_coefficient
feature_0157,0.0,0.0,abs_coefficient
feature_0117,0.0,0.0,abs_coefficient
feature_0116,0.0,0.0,abs_coefficient
feature_0115,0.0,0.0,abs_coefficient
feature_0114,0.0,0.0,abs_coefficient
feature_0113,0.0,0.0,abs_coefficient
feature_0111,0.0,0.0,abs_coefficient
feature_0110,0.0,0.0,abs_coefficient
feature_0109,0.0,0.0,abs_coefficient
feature_0108,0.0,0.0,abs_coefficient
feature_0107,0.0,0.0,abs_coefficient
feature_0106,0.0,0.0,abs_coefficient
feature_0105,0.0,0.0,abs_coefficient
feature_0118,0.0,0.0,abs_coefficient
feature_0156,0.0,0.0,abs_coefficient
feature_0155,0.0,0.0,abs_coefficient
feature_0154,0.0,0.0,abs_coefficient
feature_0153,0.0,0.0,abs_coefficient
feature_0152,0.0,0.0,abs_coefficient
feature_0151,0.0,0.0,abs_coefficient
feature_0150,0.0,0.0,abs_coefficient
feature_0149,0.0,0.0,abs_coefficient
feature_0148,0.0,0.0,abs_coefficient
feature_0147,0.0,0.0,abs_coefficient
feature_0146,0.0,0.0,abs_coefficient
feature_0145,0.0,0.0,abs_coefficient
feature_0131,0.0,0.0,abs_coefficient
feature_0143,0.0,0.0,abs_coefficient
feature_0142,0.0,0.0,abs_coefficient
feature_0141,0.0,0.0,abs_coefficient
feature_0140,0.0,0.0,abs_coefficient
feature_0139,0.0,0.0,abs_coefficient
feature_0138,0.0,0.0,abs_coefficient
feature_0137,0.0,0.0,abs_coefficient
feature_0136,0.0,0.0,abs_coefficient
feature_0135,0.0,0.0,abs_coefficient
feature_0134,0.0,0.0,abs_coefficient
feature_0133,0.0,0.0,abs_coefficient
feature_0132,0.0,0.0,abs_coefficient
feature_0144,0.0,0.0,abs_coefficient
feature_0700,0.0,0.0,abs_coefficient
feature_0699,0.0,0.0,abs_coefficient
feature_0698,0.0,0.0,abs_coefficient
feature_0697,0.0,0.0,abs_coefficient
feature_0696,0.0,0.0,abs_coefficient
feature_0695,0.0,0.0,abs_coefficient
feature_0694,0.0,0.0,abs_coefficient
feature_0693,0.0,0.0,abs_coefficient
feature_0692,0.0,0.0,abs_coefficient
feature_0691,0.0,0.0,abs_coefficient
feature_0690,0.0,0.0,abs_coefficient
feature_0417,0.0,0.0,abs_coefficient
feature_0688,0.0,0.0,abs_coefficient
feature_0687,0.0,0.0,abs_coefficient
feature_0686,0.0,0.0,abs_coefficient
feature_0685,0.0,0.0,abs_coefficient
feature_0684,0.0,0.0,abs_coefficient
feature_0683,0.0,0.0,abs_coefficient
feature_0682,0.0,0.0,abs_coefficient
feature_0681,0.0,0.0,abs_coefficient
feature_0680,0.0,0.0,abs_coefficient
feature_0679,0.0,0.0,abs_coefficient
feature_0678,0.0,0.0,abs_coefficient
feature_0677,0.0,0.0,abs_coefficient
feature_0689,0.0,0.0,abs_coefficient
feature_0727,0.0,0.0,abs_coefficient
feature_0725,0.0,0.0,abs_coefficient
feature_0724,0.0,0.0,abs_coefficient
feature_0723,0.0,0.0,abs_coefficient
feature_0722,0.0,0.0,abs_coefficient
feature_0721,0.0,0.0,abs_coefficient
feature_0720,0.0,0.0,abs_coefficient
feature_0719,0.0,0.0,abs_coefficient
feature_0718,0.0,0.0,abs_coefficient
feature_0717,0.0,0.0,abs_coefficient
feature_0716,0.0,0.0,abs_coefficient
feature_0715,0.0,0.0,abs_coefficient
feature_0701,0.0,0.0,abs_coefficient
feature_0713,0.0,0.0,abs_coefficient
feature_0712,0.0,0.0,abs_coefficient
feature_0711,0.0,0.0,abs_coefficient
feature_0710,0.0,0.0,abs_coefficient
feature_0709,0.0,0.0,abs_coefficient
feature_0708,0.0,0.0,abs_coefficient
feature_0707,0.0,0.0,abs_coefficient
feature_0706,0.0,0.0,abs_coefficient
feature_0705,0.0,0.0,abs_coefficient
feature_0704,0.0,0.0,abs_coefficient
feature_0703,0.0,0.0,abs_coefficient
feature_0702,0.0,0.0,abs_coefficient
feature_0714,0.0,0.0,abs_coefficient
feature_0648,0.0,0.0,abs_coefficient
feature_0647,0.0,0.0,abs_coefficient
feature_0646,0.0,0.0,abs_coefficient
feature_0645,0.0,0.0,abs_coefficient
feature_0644,0.0,0.0,abs_coefficient
feature_0643,0.0,0.0,abs_coefficient
feature_0642,0.0,0.0,abs_coefficient
feature_0641,0.0,0.0,abs_coefficient
feature_0640,0.0,0.0,abs_coefficient
feature_0639,0.0,0.0,abs_coefficient
feature_0638,0.0,0.0,abs_coefficient
feature_0676,0.0,0.0,abs_coefficient
feature_0636,0.0,0.0,abs_coefficient
feature_0635,0.0,0.0,abs_coefficient
feature_0634,0.0,0.0,abs_coefficient
feature_0633,0.0,0.0,abs_coefficient
feature_0632,0.0,0.0,abs_coefficient
feature_0631,0.0,0.0,abs_coefficient
feature_0630,0.0,0.0,abs_coefficient
feature_0629,0.0,0.0,abs_coefficient
feature_0628,0.0,0.0,abs_coefficient
feature_0627,0.0,0.0,abs_coefficient
feature_0626,0.0,0.0,abs_coefficient
feature_0625,0.0,0.0,abs_coefficient
feature_0637,0.0,0.0,abs_coefficient
feature_0675,0.0,0.0,abs_coefficient
feature_0674,0.0,0.0,abs_coefficient
feature_0673,0.0,0.0,abs_coefficient
feature_0672,0.0,0.0,abs_coefficient
feature_0671,0.0,0.0,abs_coefficient
feature_0670,0.0,0.0,abs_coefficient
feature_0669,0.0,0.0,abs_coefficient
feature_0668,0.0,0.0,abs_coefficient
feature_0667,0.0,0.0,abs_coefficient
feature_0666,0.0,0.0,abs_coefficient
feature_0665,0.0,0.0,abs_coefficient
feature_0664,0.0,0.0,abs_coefficient
feature_0649,0.0,0.0,abs_coefficient
feature_0662,0.0,0.0,abs_coefficient
feature_0661,0.0,0.0,abs_coefficient
feature_0660,0.0,0.0,abs_coefficient
feature_0658,0.0,0.0,abs_coefficient
feature_0657,0.0,0.0,abs_coefficient
feature_0656,0.0,0.0,abs_coefficient
feature_0655,0.0,0.0,abs_coefficient
feature_0654,0.0,0.0,abs_coefficient
feature_0653,0.0,0.0,abs_coefficient
feature_0652,0.0,0.0,abs_coefficient
feature_0651,0.0,0.0,abs_coefficient
feature_0650,0.0,0.0,abs_coefficient
feature_0663,0.0,0.0,abs_coefficient
feature_0805,0.0,0.0,abs_coefficient
feature_0804,0.0,0.0,abs_coefficient
feature_0803,0.0,0.0,abs_coefficient
feature_0802,0.0,0.0,abs_coefficient
feature_0801,0.0,0.0,abs_coefficient
feature_0800,0.0,0.0,abs_coefficient
feature_0799,0.0,0.0,abs_coefficient
feature_0798,0.0,0.0,abs_coefficient
feature_0797,0.0,0.0,abs_coefficient
feature_0796,0.0,0.0,abs_coefficient
feature_0795,0.0,0.0,abs_coefficient
feature_0728,0.0,0.0,abs_coefficient
feature_0793,0.0,0.0,abs_coefficient
feature_0792,0.0,0.0,abs_coefficient
feature_0791,0.0,0.0,abs_coefficient
feature_0790,0.0,0.0,abs_coefficient
feature_0788,0.0,0.0,abs_coefficient
feature_0787,0.0,0.0,abs_coefficient
feature_0786,0.0,0.0,abs_coefficient
feature_0785,0.0,0.0,abs_coefficient
feature_0784,0.0,0.0,abs_coefficient
feature_0783,0.0,0.0,abs_coefficient
feature_0782,0.0,0.0,abs_coefficient
feature_0781,0.0,0.0,abs_coefficient
feature_0794,0.0,0.0,abs_coefficient
feature_0832,0.0,0.0,abs_coefficient
feature_0831,0.0,0.0,abs_coefficient
feature_0830,0.0,0.0,abs_coefficient
feature_0828,0.0,0.0,abs_coefficient
feature_0827,0.0,0.0,abs_coefficient
feature_0826,0.0,0.0,abs_coefficient
feature_0825,0.0,0.0,abs_coefficient
feature_0824,0.0,0.0,abs_coefficient
feature_0823,0.0,0.0,abs_coefficient
feature_0822,0.0,0.0,abs_coefficient
feature_0821,0.0,0.0,abs_coefficient
feature_0820,0.0,0.0,abs_coefficient
feature_0806,0.0,0.0,abs_coefficient
feature_0818,0.0,0.0,abs_coefficient
feature_0817,0.0,0.0,abs_coefficient
feature_0816,0.0,0.0,abs_coefficient
feature_0815,0.0,0.0,abs_coefficient
feature_0814,0.0,0.0,abs_coefficient
feature_0813,0.0,0.0,abs_coefficient
feature_0812,0.0,0.0,abs_coefficient
feature_0811,0.0,0.0,abs_coefficient
feature_0810,0.0,0.0,abs_coefficient
feature_0809,0.0,0.0,abs_coefficient
feature_0808,0.0,0.0,abs_coefficient
feature_0807,0.0,0.0,abs_coefficient
feature_0819,0.0,0.0,abs_coefficient
feature_0752,0.0,0.0,abs_coefficient
feature_0751,0.0,0.0,abs_coefficient
feature_0750,0.0,0.0,abs_coefficient
feature_0749,0.0,0.0,abs_coefficient
feature_0748,0.0,0.0,abs_coefficient
feature_0747,0.0,0.0,abs_coefficient
feature_0746,0.0,0.0,abs_coefficient
feature_0745,0.0,0.0,abs_coefficient
feature_0744,0.0,0.0,abs_coefficient
feature_0743,0.0,0.0,abs_coefficient
feature_0742,0.0,0.0,abs_coefficient
feature_0780,0.0,0.0,abs_coefficient
feature_0740,0.0,0.0,abs_coefficient
feature_0739,0.0,0.0,abs_coefficient
feature_0738,0.0,0.0,abs_coefficient
feature_0737,0.0,0.0,abs_coefficient
feature_0736,0.0,0.0,abs_coefficient
feature_0735,0.0,0.0,abs_coefficient
feature_0734,0.0,0.0,abs_coefficient
feature_0733,0.0,0.0,abs_coefficient
feature_0732,0.0,0.0,abs_coefficient
feature_0731,0.0,0.0,abs_coefficient
feature_0730,0.0,0.0,abs_coefficient
feature_0729,0.0,0.0,abs_coefficient
feature_0741,0.0,0.0,abs_coefficient
feature_0779,0.0,0.0,abs_coefficient
feature_0778,0.0,0.0,abs_coefficient
feature_0777,0.0,0.0,abs_coefficient
feature_0776,0.0,0.0,abs_coefficient
feature_0775,0.0,0.0,abs_coefficient
feature_0774,0.0,0.0,abs_coefficient
feature_0773,0.0,0.0,abs_coefficient
feature_0772,0.0,0.0,abs_coefficient
feature_0771,0.0,0.0,abs_coefficient
feature_0770,0.0,0.0,abs_coefficient
feature_0769,0.0,0.0,abs_coefficient
feature_0768,0.0,0.0,abs_coefficient
feature_0753,0.0,0.0,abs_coefficient
feature_0766,0.0,0.0,abs_coefficient
feature_0765,0.0,0.0,abs_coefficient
feature_0764,0.0,0.0,abs_coefficient
feature_0763,0.0,0.0,abs_coefficient
feature_0762,0.0,0.0,abs_coefficient
feature_0761,0.0,0.0,abs_coefficient
feature_0760,0.0,0.0,abs_coefficient
feature_0758,0.0,0.0,abs_coefficient
feature_0757,0.0,0.0,abs_coefficient
feature_0756,0.0,0.0,abs_coefficient
feature_0755,0.0,0.0,abs_coefficient
feature_0754,0.0,0.0,abs_coefficient
feature_0767,0.0,0.0,abs_coefficient
feature_0494,0.0,0.0,abs_coefficient
feature_0493,0.0,0.0,abs_coefficient
feature_0492,0.0,0.0,abs_coefficient
feature_0491,0.0,0.0,abs_coefficient
feature_0490,0.0,0.0,abs_coefficient
feature_0489,0.0,0.0,abs_coefficient
feature_0488,0.0,0.0,abs_coefficient
feature_0487,0.0,0.0,abs_coefficient
feature_0486,0.0,0.0,abs_coefficient
feature_0485,0.0,0.0,abs_coefficient
feature_0484,0.0,0.0,abs_coefficient
feature_0624,0.0,0.0,abs_coefficient
feature_0482,0.0,0.0,abs_coefficient
feature_0481,0.0,0.0,abs_coefficient
feature_0480,0.0,0.0,abs_coefficient
feature_0479,0.0,0.0,abs_coefficient
feature_0478,0.0,0.0,abs_coefficient
feature_0477,0.0,0.0,abs_coefficient
feature_0476,0.0,0.0,abs_coefficient
feature_0475,0.0,0.0,abs_coefficient
feature_0474,0.0,0.0,abs_coefficient
feature_0473,0.0,0.0,abs_coefficient
feature_0472,0.0,0.0,abs_coefficient
feature_0471,0.0,0.0,abs_coefficient
feature_0483,0.0,0.0,abs_coefficient
feature_0520,0.0,0.0,abs_coefficient
feature_0519,0.0,0.0,abs_coefficient
feature_0518,0.0,0.0,abs_coefficient
feature_0517,0.0,0.0,abs_coefficient
feature_0516,0.0,0.0,abs_coefficient
feature_0515,0.0,0.0,abs_coefficient
feature_0514,0.0,0.0,abs_coefficient
feature_0513,0.0,0.0,abs_coefficient
feature_0512,0.0,0.0,abs_coefficient
feature_0511,0.0,0.0,abs_coefficient
feature_0510,0.0,0.0,abs_coefficient
feature_0509,0.0,0.0,abs_coefficient
feature_0495,0.0,0.0,abs_coefficient
feature_0507,0.0,0.0,abs_coefficient
feature_0506,0.0,0.0,abs_coefficient
feature_0505,0.0,0.0,abs_coefficient
feature_0504,0.0,0.0,abs_coefficient
feature_0503,0.0,0.0,abs_coefficient
feature_0502,0.0,0.0,abs_coefficient
feature_0501,0.0,0.0,abs_coefficient
feature_0500,0.0,0.0,abs_coefficient
feature_0499,0.0,0.0,abs_coefficient
feature_0498,0.0,0.0,abs_coefficient
feature_0497,0.0,0.0,abs_coefficient
feature_0496,0.0,0.0,abs_coefficient
feature_0508,0.0,0.0,abs_coefficient
feature_0442,0.0,0.0,abs_coefficient
feature_0441,0.0,0.0,abs_coefficient
feature_0440,0.0,0.0,abs_coefficient
feature_0439,0.0,0.0,abs_coefficient
feature_0438,0.0,0.0,abs_coefficient
feature_0437,0.0,0.0,abs_coefficient
feature_0436,0.0,0.0,abs_coefficient
feature_0435,0.0,0.0,abs_coefficient
feature_0434,0.0,0.0,abs_coefficient
feature_0433,0.0,0.0,abs_coefficient
feature_0432,0.0,0.0,abs_coefficient
feature_0470,0.0,0.0,abs_coefficient
feature_0430,0.0,0.0,abs_coefficient
feature_0429,0.0,0.0,abs_coefficient
feature_0428,0.0,0.0,abs_coefficient
feature_0427,0.0,0.0,abs_coefficient
feature_0426,0.0,0.0,abs_coefficient
feature_0425,0.0,0.0,abs_coefficient
feature_0424,0.0,0.0,abs_coefficient
feature_0423,0.0,0.0,abs_coefficient
feature_0422,0.0,0.0,abs_coefficient
feature_0421,0.0,0.0,abs_coefficient
feature_0420,0.0,0.0,abs_coefficient
feature_0418,0.0,0.0,abs_coefficient
feature_0431,0.0,0.0,abs_coefficient
feature_0469,0.0,0.0,abs_coefficient
feature_0468,0.0,0.0,abs_coefficient
feature_0467,0.0,0.0,abs_coefficient
feature_0466,0.0,0.0,abs_coefficient
feature_0465,0.0,0.0,abs_coefficient
feature_0464,0.0,0.0,abs_coefficient
feature_0463,0.0,0.0,abs_coefficient
feature_0462,0.0,0.0,abs_coefficient
feature_0461,0.0,0.0,abs_coefficient
feature_0460,0.0,0.0,abs_coefficient
feature_0459,0.0,0.0,abs_coefficient
feature_0458,0.0,0.0,abs_coefficient
feature_0443,0.0,0.0,abs_coefficient
feature_0455,0.0,0.0,abs_coefficient
feature_0454,0.0,0.0,abs_coefficient
feature_0453,0.0,0.0,abs_coefficient
feature_0452,0.0,0.0,abs_coefficient
feature_0451,0.0,0.0,abs_coefficient
feature_0450,0.0,0.0,abs_coefficient
feature_0449,0.0,0.0,abs_coefficient
feature_0448,0.0,0.0,abs_coefficient
feature_0447,0.0,0.0,abs_coefficient
feature_0446,0.0,0.0,abs_coefficient
feature_0445,0.0,0.0,abs_coefficient
feature_0444,0.0,0.0,abs_coefficient
feature_0457,0.0,0.0,abs_coefficient
feature_0597,0.0,0.0,abs_coefficient
feature_0596,0.0,0.0,abs_coefficient
feature_0594,0.0,0.0,abs_coefficient
feature_0593,0.0,0.0,abs_coefficient
feature_0592,0.0,0.0,abs_coefficient
feature_0591,0.0,0.0,abs_coefficient
feature_0590,0.0,0.0,abs_coefficient
feature_0589,0.0,0.0,abs_coefficient
feature_0588,0.0,0.0,abs_coefficient
feature_0587,0.0,0.0,abs_coefficient
feature_0586,0.0,0.0,abs_coefficient
feature_0521,0.0,0.0,abs_coefficient
feature_0584,0.0,0.0,abs_coefficient
feature_0583,0.0,0.0,abs_coefficient
feature_0582,0.0,0.0,abs_coefficient
feature_0581,0.0,0.0,abs_coefficient
feature_0580,0.0,0.0,abs_coefficient
feature_0579,0.0,0.0,abs_coefficient
feature_0578,0.0,0.0,abs_coefficient
feature_0577,0.0,0.0,abs_coefficient
feature_0576,0.0,0.0,abs_coefficient
feature_0575,0.0,0.0,abs_coefficient
feature_0574,0.0,0.0,abs_coefficient
feature_0573,0.0,0.0,abs_coefficient
feature_0585,0.0,0.0,abs_coefficient
feature_0623,0.0,0.0,abs_coefficient
feature_0622,0.0,0.0,abs_coefficient
feature_0621,0.0,0.0,abs_coefficient
feature_0620,0.0,0.0,abs_coefficient
feature_0619,0.0,0.0,abs_coefficient
feature_0618,0.0,0.0,abs_coefficient
feature_0617,0.0,0.0,abs_coefficient
feature_0616,0.0,0.0,abs_coefficient
feature_0615,0.0,0.0,abs_coefficient
feature_0614,0.0,0.0,abs_coefficient
feature_0613,0.0,0.0,abs_coefficient
feature_0612,0.0,0.0,abs_coefficient
feature_0598,0.0,0.0,abs_coefficient
feature_0610,0.0,0.0,abs_coefficient
feature_0609,0.0,0.0,abs_coefficient
feature_0608,0.0,0.0,abs_coefficient
feature_0607,0.0,0.0,abs_coefficient
feature_0606,0.0,0.0,abs_coefficient
feature_0605,0.0,0.0,abs_coefficient
feature_0604,0.0,0.0,abs_coefficient
feature_0603,0.0,0.0,abs_coefficient
feature_0602,0.0,0.0,abs_coefficient
feature_0601,0.0,0.0,abs_coefficient
feature_0600,0.0,0.0,abs_coefficient
feature_0599,0.0,0.0,abs_coefficient
feature_0611,0.0,0.0,abs_coefficient
feature_0545,0.0,0.0,abs_coefficient
feature_0544,0.0,0.0,abs_coefficient
feature_0543,0.0,0.0,abs_coefficient
feature_0542,0.0,0.0,abs_coefficient
feature_0541,0.0,0.0,abs_coefficient
feature_0540,0.0,0.0,abs_coefficient
feature_0539,0.0,0.0,abs_coefficient
feature_0538,0.0,0.0,abs_coefficient
feature_0537,0.0,0.0,abs_coefficient
feature_0536,0.0,0.0,abs_coefficient
feature_0535,0.0,0.0,abs_coefficient
feature_0572,0.0,0.0,abs_coefficient
feature_0533,0.0,0.0,abs_coefficient
feature_0532,0.0,0.0,abs_coefficient
feature_0531,0.0,0.0,abs_coefficient
feature_0530,0.0,0.0,abs_coefficient
feature_0529,0.0,0.0,abs_coefficient
feature_0528,0.0,0.0,abs_coefficient
feature_0527,0.0,0.0,abs_coefficient
feature_0526,0.0,0.0,abs_coefficient
feature_0525,0.0,0.0,abs_coefficient
feature_0524,0.0,0.0,abs_coefficient
feature_0523,0.0,0.0,abs_coefficient
feature_0522,0.0,0.0,abs_coefficient
feature_0534,0.0,0.0,abs_coefficient
feature_0571,0.0,0.0,abs_coefficient
feature_0570,0.0,0.0,abs_coefficient
feature_0569,0.0,0.0,abs_coefficient
feature_0568,0.0,0.0,abs_coefficient
feature_0567,0.0,0.0,abs_coefficient
feature_0566,0.0,0.0,abs_coefficient
feature_0565,0.0,0.0,abs_coefficient
feature_0564,0.0,0.0,abs_coefficient
feature_0563,0.0,0.0,abs_coefficient
feature_0562,0.0,0.0,abs_coefficient
feature_0561,0.0,0.0,abs_coefficient
feature_0560,0.0,0.0,abs_coefficient
feature_0546,0.0,0.0,abs_coefficient
feature_0558,0.0,0.0,abs_coefficient
feature_0557,0.0,0.0,abs_coefficient
feature_0556,0.0,0.0,abs_coefficient
feature_0555,0.0,0.0,abs_coefficient
feature_0554,0.0,0.0,abs_coefficient
feature_0553,0.0,0.0,abs_coefficient
feature_0552,0.0,0.0,abs_coefficient
feature_0551,0.0,0.0,abs_coefficient
feature_0550,0.0,0.0,abs_coefficient
feature_0549,0.0,0.0,abs_coefficient
feature_0548,0.0,0.0,abs_coefficient
feature_0547,0.0,0.0,abs_coefficient
feature_0559,0.0,0.0,abs_coefficient
feature_2786,0.0,0.0,abs_coefficient
feature_2785,0.0,0.0,abs_coefficient
feature_2784,0.0,0.0,abs_coefficient
feature_2783,0.0,0.0,abs_coefficient
feature_2782,0.0,0.0,abs_coefficient
feature_2781,0.0,0.0,abs_coefficient
feature_2780,0.0,0.0,abs_coefficient
feature_2779,0.0,0.0,abs_coefficient
feature_2778,0.0,0.0,abs_coefficient
feature_2777,0.0,0.0,abs_coefficient
feature_2776,0.0,0.0,abs_coefficient
feature_1671,0.0,0.0,abs_coefficient
feature_2774,0.0,0.0,abs_coefficient
feature_2773,0.0,0.0,abs_coefficient
feature_2772,0.0,0.0,abs_coefficient
feature_2771,0.0,0.0,abs_coefficient
feature_2770,0.0,0.0,abs_coefficient
feature_2769,0.0,0.0,abs_coefficient
feature_2768,0.0,0.0,abs_coefficient
feature_2767,0.0,0.0,abs_coefficient
feature_2766,0.0,0.0,abs_coefficient
feature_2765,0.0,0.0,abs_coefficient
feature_2764,0.0,0.0,abs_coefficient
feature_2763,0.0,0.0,abs_coefficient
feature_2775,0.0,0.0,abs_coefficient
feature_2811,0.0,0.0,abs_coefficient
feature_2810,0.0,0.0,abs_coefficient
feature_2809,0.0,0.0,abs_coefficient
feature_2808,0.0,0.0,abs_coefficient
feature_2807,0.0,0.0,abs_coefficient
feature_2806,0.0,0.0,abs_coefficient
feature_2805,0.0,0.0,abs_coefficient
feature_2804,0.0,0.0,abs_coefficient
feature_2803,0.0,0.0,abs_coefficient
feature_2802,0.0,0.0,abs_coefficient
feature_2801,0.0,0.0,abs_coefficient
feature_2787,0.0,0.0,abs_coefficient
feature_2799,0.0,0.0,abs_coefficient
feature_2798,0.0,0.0,abs_coefficient
feature_2797,0.0,0.0,abs_coefficient
feature_2796,0.0,0.0,abs_coefficient
feature_2795,0.0,0.0,abs_coefficient
feature_2794,0.0,0.0,abs_coefficient
feature_2793,0.0,0.0,abs_coefficient
feature_2792,0.0,0.0,abs_coefficient
feature_2791,0.0,0.0,abs_coefficient
feature_2790,0.0,0.0,abs_coefficient
feature_2789,0.0,0.0,abs_coefficient
feature_2788,0.0,0.0,abs_coefficient
feature_2800,0.0,0.0,abs_coefficient
feature_2733,0.0,0.0,abs_coefficient
feature_2732,0.0,0.0,abs_coefficient
feature_2731,0.0,0.0,abs_coefficient
feature_2730,0.0,0.0,abs_coefficient
feature_2729,0.0,0.0,abs_coefficient
feature_2728,0.0,0.0,abs_coefficient
feature_2727,0.0,0.0,abs_coefficient
feature_2726,0.0,0.0,abs_coefficient
feature_2724,0.0,0.0,abs_coefficient
feature_2723,0.0,0.0,abs_coefficient
feature_2722,0.0,0.0,abs_coefficient
feature_2760,0.0,0.0,abs_coefficient
feature_2720,0.0,0.0,abs_coefficient
feature_2719,0.0,0.0,abs_coefficient
feature_2718,0.0,0.0,abs_coefficient
feature_2717,0.0,0.0,abs_coefficient
feature_2716,0.0,0.0,abs_coefficient
feature_2715,0.0,0.0,abs_coefficient
feature_2714,0.0,0.0,abs_coefficient
feature_2713,0.0,0.0,abs_coefficient
feature_2712,0.0,0.0,abs_coefficient
feature_2711,0.0,0.0,abs_coefficient
feature_2710,0.0,0.0,abs_coefficient
feature_2709,0.0,0.0,abs_coefficient
feature_2721,0.0,0.0,abs_coefficient
feature_2759,0.0,0.0,abs_coefficient
feature_2758,0.0,0.0,abs_coefficient
feature_2757,0.0,0.0,abs_coefficient
feature_2756,0.0,0.0,abs_coefficient
feature_2755,0.0,0.0,abs_coefficient
feature_2754,0.0,0.0,abs_coefficient
feature_2753,0.0,0.0,abs_coefficient
feature_2752,0.0,0.0,abs_coefficient
feature_2751,0.0,0.0,abs_coefficient
feature_2750,0.0,0.0,abs_coefficient
feature_2749,0.0,0.0,abs_coefficient
feature_2748,0.0,0.0,abs_coefficient
feature_2734,0.0,0.0,abs_coefficient
feature_2746,0.0,0.0,abs_coefficient
feature_2745,0.0,0.0,abs_coefficient
feature_2744,0.0,0.0,abs_coefficient
feature_2743,0.0,0.0,abs_coefficient
feature_2742,0.0,0.0,abs_coefficient
feature_2741,0.0,0.0,abs_coefficient
feature_2740,0.0,0.0,abs_coefficient
feature_2739,0.0,0.0,abs_coefficient
feature_2738,0.0,0.0,abs_coefficient
feature_2737,0.0,0.0,abs_coefficient
feature_2736,0.0,0.0,abs_coefficient
feature_2735,0.0,0.0,abs_coefficient
feature_2747,0.0,0.0,abs_coefficient
feature_2892,0.0,0.0,abs_coefficient
feature_2891,0.0,0.0,abs_coefficient
feature_2890,0.0,0.0,abs_coefficient
feature_2889,0.0,0.0,abs_coefficient
feature_2887,0.0,0.0,abs_coefficient
feature_2886,0.0,0.0,abs_coefficient
feature_2885,0.0,0.0,abs_coefficient
feature_2884,0.0,0.0,abs_coefficient
feature_2883,0.0,0.0,abs_coefficient
feature_2882,0.0,0.0,abs_coefficient
feature_2881,0.0,0.0,abs_coefficient
feature_2812,0.0,0.0,abs_coefficient
feature_2879,0.0,0.0,abs_coefficient
feature_2878,0.0,0.0,abs_coefficient
feature_2877,0.0,0.0,abs_coefficient
feature_2876,0.0,0.0,abs_coefficient
feature_2875,0.0,0.0,abs_coefficient
feature_2874,0.0,0.0,abs_coefficient
feature_2873,0.0,0.0,abs_coefficient
feature_2872,0.0,0.0,abs_coefficient
feature_2871,0.0,0.0,abs_coefficient
feature_2870,0.0,0.0,abs_coefficient
feature_2869,0.0,0.0,abs_coefficient
feature_2867,0.0,0.0,abs_coefficient
feature_2880,0.0,0.0,abs_coefficient
feature_2918,0.0,0.0,abs_coefficient
feature_2917,0.0,0.0,abs_coefficient
feature_2916,0.0,0.0,abs_coefficient
feature_2915,0.0,0.0,abs_coefficient
feature_2914,0.0,0.0,abs_coefficient
feature_2913,0.0,0.0,abs_coefficient
feature_2912,0.0,0.0,abs_coefficient
feature_2911,0.0,0.0,abs_coefficient
feature_2910,0.0,0.0,abs_coefficient
feature_2909,0.0,0.0,abs_coefficient
feature_2908,0.0,0.0,abs_coefficient
feature_2907,0.0,0.0,abs_coefficient
feature_2893,0.0,0.0,abs_coefficient
feature_2905,0.0,0.0,abs_coefficient
feature_2904,0.0,0.0,abs_coefficient
feature_2903,0.0,0.0,abs_coefficient
feature_2902,0.0,0.0,abs_coefficient
feature_2901,0.0,0.0,abs_coefficient
feature_2900,0.0,0.0,abs_coefficient
feature_2899,0.0,0.0,abs_coefficient
feature_2898,0.0,0.0,abs_coefficient
feature_2897,0.0,0.0,abs_coefficient
feature_2896,0.0,0.0,abs_coefficient
feature_2895,0.0,0.0,abs_coefficient
feature_2894,0.0,0.0,abs_coefficient
feature_2906,0.0,0.0,abs_coefficient
feature_2837,0.0,0.0,abs_coefficient
feature_2836,0.0,0.0,abs_coefficient
feature_2835,0.0,0.0,abs_coefficient
feature_2834,0.0,0.0,abs_coefficient
feature_2833,0.0,0.0,abs_coefficient
feature_2832,0.0,0.0,abs_coefficient
feature_2830,0.0,0.0,abs_coefficient
feature_2829,0.0,0.0,abs_coefficient
feature_2828,0.0,0.0,abs_coefficient
feature_2827,0.0,0.0,abs_coefficient
feature_2826,0.0,0.0,abs_coefficient
feature_2866,0.0,0.0,abs_coefficient
feature_2824,0.0,0.0,abs_coefficient
feature_2823,0.0,0.0,abs_coefficient
feature_2822,0.0,0.0,abs_coefficient
feature_2821,0.0,0.0,abs_coefficient
feature_2820,0.0,0.0,abs_coefficient
feature_2819,0.0,0.0,abs_coefficient
feature_2818,0.0,0.0,abs_coefficient
feature_2817,0.0,0.0,abs_coefficient
feature_2816,0.0,0.0,abs_coefficient
feature_2815,0.0,0.0,abs_coefficient
feature_2814,0.0,0.0,abs_coefficient
feature_2813,0.0,0.0,abs_coefficient
feature_2825,0.0,0.0,abs_coefficient
feature_2865,0.0,0.0,abs_coefficient
feature_2863,0.0,0.0,abs_coefficient
feature_2862,0.0,0.0,abs_coefficient
feature_2861,0.0,0.0,abs_coefficient
feature_2860,0.0,0.0,abs_coefficient
feature_2859,0.0,0.0,abs_coefficient
feature_2858,0.0,0.0,abs_coefficient
feature_2857,0.0,0.0,abs_coefficient
feature_2856,0.0,0.0,abs_coefficient
feature_2855,0.0,0.0,abs_coefficient
feature_2854,0.0,0.0,abs_coefficient
feature_2853,0.0,0.0,abs_coefficient
feature_2838,0.0,0.0,abs_coefficient
feature_2851,0.0,0.0,abs_coefficient
feature_2850,0.0,0.0,abs_coefficient
feature_2849,0.0,0.0,abs_coefficient
feature_2848,0.0,0.0,abs_coefficient
feature_2847,0.0,0.0,abs_coefficient
feature_2846,0.0,0.0,abs_coefficient
feature_2845,0.0,0.0,abs_coefficient
feature_2844,0.0,0.0,abs_coefficient
feature_2843,0.0,0.0,abs_coefficient
feature_2842,0.0,0.0,abs_coefficient
feature_2841,0.0,0.0,abs_coefficient
feature_2839,0.0,0.0,abs_coefficient
feature_2852,0.0,0.0,abs_coefficient
feature_2577,0.0,0.0,abs_coefficient
feature_2576,0.0,0.0,abs_coefficient
feature_2575,0.0,0.0,abs_coefficient
feature_2574,0.0,0.0,abs_coefficient
feature_2573,0.0,0.0,abs_coefficient
feature_2572,0.0,0.0,abs_coefficient
feature_2571,0.0,0.0,abs_coefficient
feature_2570,0.0,0.0,abs_coefficient
feature_2568,0.0,0.0,abs_coefficient
feature_2567,0.0,0.0,abs_coefficient
feature_2566,0.0,0.0,abs_coefficient
feature_2708,0.0,0.0,abs_coefficient
feature_2564,0.0,0.0,abs_coefficient
feature_2563,0.0,0.0,abs_coefficient
feature_2562,0.0,0.0,abs_coefficient
feature_2561,0.0,0.0,abs_coefficient
feature_2560,0.0,0.0,abs_coefficient
feature_2559,0.0,0.0,abs_coefficient
feature_2558,0.0,0.0,abs_coefficient
feature_2557,0.0,0.0,abs_coefficient
feature_2556,0.0,0.0,abs_coefficient
feature_2555,0.0,0.0,abs_coefficient
feature_2554,0.0,0.0,abs_coefficient
feature_2553,0.0,0.0,abs_coefficient
feature_2565,0.0,0.0,abs_coefficient
feature_2604,0.0,0.0,abs_coefficient
feature_2602,0.0,0.0,abs_coefficient
feature_2601,0.0,0.0,abs_coefficient
feature_2600,0.0,0.0,abs_coefficient
feature_2599,0.0,0.0,abs_coefficient
feature_2598,0.0,0.0,abs_coefficient
feature_2597,0.0,0.0,abs_coefficient
feature_2596,0.0,0.0,abs_coefficient
feature_2595,0.0,0.0,abs_coefficient
feature_2594,0.0,0.0,abs_coefficient
feature_2593,0.0,0.0,abs_coefficient
feature_2592,0.0,0.0,abs_coefficient
feature_2578,0.0,0.0,abs_coefficient
feature_2590,0.0,0.0,abs_coefficient
feature_2589,0.0,0.0,abs_coefficient
feature_2588,0.0,0.0,abs_coefficient
feature_2587,0.0,0.0,abs_coefficient
feature_2586,0.0,0.0,abs_coefficient
feature_2585,0.0,0.0,abs_coefficient
feature_2584,0.0,0.0,abs_coefficient
feature_2583,0.0,0.0,abs_coefficient
feature_2582,0.0,0.0,abs_coefficient
feature_2581,0.0,0.0,abs_coefficient
feature_2580,0.0,0.0,abs_coefficient
feature_2579,0.0,0.0,abs_coefficient
feature_2591,0.0,0.0,abs_coefficient
feature_2525,0.0,0.0,abs_coefficient
feature_2524,0.0,0.0,abs_coefficient
feature_2523,0.0,0.0,abs_coefficient
feature_2522,0.0,0.0,abs_coefficient
feature_2521,0.0,0.0,abs_coefficient
feature_2520,0.0,0.0,abs_coefficient
feature_2519,0.0,0.0,abs_coefficient
feature_2518,0.0,0.0,abs_coefficient
feature_2517,0.0,0.0,abs_coefficient
feature_2516,0.0,0.0,abs_coefficient
feature_2515,0.0,0.0,abs_coefficient
feature_2552,0.0,0.0,abs_coefficient
feature_2513,0.0,0.0,abs_coefficient
feature_2512,0.0,0.0,abs_coefficient
feature_2511,0.0,0.0,abs_coefficient
feature_2510,0.0,0.0,abs_coefficient
feature_2509,0.0,0.0,abs_coefficient
feature_2508,0.0,0.0,abs_coefficient
feature_2507,0.0,0.0,abs_coefficient
feature_2506,0.0,0.0,abs_coefficient
feature_2505,0.0,0.0,abs_coefficient
feature_2504,0.0,0.0,abs_coefficient
feature_2503,0.0,0.0,abs_coefficient
feature_2502,0.0,0.0,abs_coefficient
feature_2514,0.0,0.0,abs_coefficient
feature_2551,0.0,0.0,abs_coefficient
feature_2550,0.0,0.0,abs_coefficient
feature_2549,0.0,0.0,abs_coefficient
feature_2548,0.0,0.0,abs_coefficient
feature_2547,0.0,0.0,abs_coefficient
feature_2546,0.0,0.0,abs_coefficient
feature_2545,0.0,0.0,abs_coefficient
feature_2544,0.0,0.0,abs_coefficient
feature_2543,0.0,0.0,abs_coefficient
feature_2542,0.0,0.0,abs_coefficient
feature_2541,0.0,0.0,abs_coefficient
feature_2540,0.0,0.0,abs_coefficient
feature_2526,0.0,0.0,abs_coefficient
feature_2538,0.0,0.0,abs_coefficient
feature_2537,0.0,0.0,abs_coefficient
feature_2536,0.0,0.0,abs_coefficient
feature_2535,0.0,0.0,abs_coefficient
feature_2534,0.0,0.0,abs_coefficient
feature_2533,0.0,0.0,abs_coefficient
feature_2532,0.0,0.0,abs_coefficient
feature_2531,0.0,0.0,abs_coefficient
feature_2530,0.0,0.0,abs_coefficient
feature_2529,0.0,0.0,abs_coefficient
feature_2528,0.0,0.0,abs_coefficient
feature_2527,0.0,0.0,abs_coefficient
feature_2539,0.0,0.0,abs_coefficient
feature_2681,0.0,0.0,abs_coefficient
feature_2680,0.0,0.0,abs_coefficient
feature_2679,0.0,0.0,abs_coefficient
feature_2678,0.0,0.0,abs_coefficient
feature_2677,0.0,0.0,abs_coefficient
feature_2676,0.0,0.0,abs_coefficient
feature_2675,0.0,0.0,abs_coefficient
feature_2674,0.0,0.0,abs_coefficient
feature_2673,0.0,0.0,abs_coefficient
feature_2672,0.0,0.0,abs_coefficient
feature_2671,0.0,0.0,abs_coefficient
feature_2605,0.0,0.0,abs_coefficient
feature_2669,0.0,0.0,abs_coefficient
feature_2668,0.0,0.0,abs_coefficient
feature_2667,0.0,0.0,abs_coefficient
feature_2666,0.0,0.0,abs_coefficient
feature_2665,0.0,0.0,abs_coefficient
feature_2664,0.0,0.0,abs_coefficient
feature_2663,0.0,0.0,abs_coefficient
feature_2662,0.0,0.0,abs_coefficient
feature_2661,0.0,0.0,abs_coefficient
feature_2660,0.0,0.0,abs_coefficient
feature_2659,0.0,0.0,abs_coefficient
feature_2658,0.0,0.0,abs_coefficient
feature_2670,0.0,0.0,abs_coefficient
feature_2707,0.0,0.0,abs_coefficient
feature_2706,0.0,0.0,abs_coefficient
feature_2705,0.0,0.0,abs_coefficient
feature_2704,0.0,0.0,abs_coefficient
feature_2703,0.0,0.0,abs_coefficient
feature_2702,0.0,0.0,abs_coefficient
feature_2701,0.0,0.0,abs_coefficient
feature_2700,0.0,0.0,abs_coefficient
feature_2699,0.0,0.0,abs_coefficient
feature_2698,0.0,0.0,abs_coefficient
feature_2697,0.0,0.0,abs_coefficient
feature_2696,0.0,0.0,abs_coefficient
feature_2682,0.0,0.0,abs_coefficient
feature_2694,0.0,0.0,abs_coefficient
feature_2693,0.0,0.0,abs_coefficient
feature_2692,0.0,0.0,abs_coefficient
feature_2691,0.0,0.0,abs_coefficient
feature_2690,0.0,0.0,abs_coefficient
feature_2689,0.0,0.0,abs_coefficient
feature_2688,0.0,0.0,abs_coefficient
feature_2687,0.0,0.0,abs_coefficient
feature_2686,0.0,0.0,abs_coefficient
feature_2685,0.0,0.0,abs_coefficient
feature_2684,0.0,0.0,abs_coefficient
feature_2683,0.0,0.0,abs_coefficient
feature_2695,0.0,0.0,abs_coefficient
feature_2630,0.0,0.0,abs_coefficient
feature_2629,0.0,0.0,abs_coefficient
feature_2628,0.0,0.0,abs_coefficient
feature_2627,0.0,0.0,abs_coefficient
feature_2625,0.0,0.0,abs_coefficient
feature_2624,0.0,0.0,abs_coefficient
feature_2623,0.0,0.0,abs_coefficient
feature_2622,0.0,0.0,abs_coefficient
feature_2621,0.0,0.0,abs_coefficient
feature_2620,0.0,0.0,abs_coefficient
feature_2619,0.0,0.0,abs_coefficient
feature_2657,0.0,0.0,abs_coefficient
feature_2617,0.0,0.0,abs_coefficient
feature_2616,0.0,0.0,abs_coefficient
feature_2615,0.0,0.0,abs_coefficient
feature_2614,0.0,0.0,abs_coefficient
feature_2613,0.0,0.0,abs_coefficient
feature_2612,0.0,0.0,abs_coefficient
feature_2611,0.0,0.0,abs_coefficient
feature_2610,0.0,0.0,abs_coefficient
feature_2609,0.0,0.0,abs_coefficient
feature_2608,0.0,0.0,abs_coefficient
feature_2607,0.0,0.0,abs_coefficient
feature_2606,0.0,0.0,abs_coefficient
feature_2618,0.0,0.0,abs_coefficient
feature_2656,0.0,0.0,abs_coefficient
feature_2655,0.0,0.0,abs_coefficient
feature_2654,0.0,0.0,abs_coefficient
feature_2653,0.0,0.0,abs_coefficient
feature_2652,0.0,0.0,abs_coefficient
feature_2651,0.0,0.0,abs_coefficient
feature_2650,0.0,0.0,abs_coefficient
feature_2649,0.0,0.0,abs_coefficient
feature_2648,0.0,0.0,abs_coefficient
feature_2647,0.0,0.0,abs_coefficient
feature_2646,0.0,0.0,abs_coefficient
feature_2645,0.0,0.0,abs_coefficient
feature_2631,0.0,0.0,abs_coefficient
feature_2643,0.0,0.0,abs_coefficient
feature_2642,0.0,0.0,abs_coefficient
feature_2641,0.0,0.0,abs_coefficient
feature_2640,0.0,0.0,abs_coefficient
feature_2639,0.0,0.0,abs_coefficient
feature_2638,0.0,0.0,abs_coefficient
feature_2637,0.0,0.0,abs_coefficient
feature_2636,0.0,0.0,abs_coefficient
feature_2635,0.0,0.0,abs_coefficient
feature_2634,0.0,0.0,abs_coefficient
feature_2633,0.0,0.0,abs_coefficient
feature_2632,0.0,0.0,abs_coefficient
feature_2644,0.0,0.0,abs_coefficient
feature_3203,0.0,0.0,abs_coefficient
feature_3202,0.0,0.0,abs_coefficient
feature_3201,0.0,0.0,abs_coefficient
feature_3200,0.0,0.0,abs_coefficient
feature_3199,0.0,0.0,abs_coefficient
feature_3198,0.0,0.0,abs_coefficient
feature_3197,0.0,0.0,abs_coefficient
feature_3196,0.0,0.0,abs_coefficient
feature_3195,0.0,0.0,abs_coefficient
feature_3194,0.0,0.0,abs_coefficient
feature_3193,0.0,0.0,abs_coefficient
feature_2919,0.0,0.0,abs_coefficient
feature_3191,0.0,0.0,abs_coefficient
feature_3190,0.0,0.0,abs_coefficient
feature_3189,0.0,0.0,abs_coefficient
feature_3188,0.0,0.0,abs_coefficient
feature_3187,0.0,0.0,abs_coefficient
feature_3186,0.0,0.0,abs_coefficient
feature_3185,0.0,0.0,abs_coefficient
feature_3184,0.0,0.0,abs_coefficient
feature_3183,0.0,0.0,abs_coefficient
feature_3182,0.0,0.0,abs_coefficient
feature_3181,0.0,0.0,abs_coefficient
feature_3180,0.0,0.0,abs_coefficient
feature_3192,0.0,0.0,abs_coefficient
feature_3229,0.0,0.0,abs_coefficient
feature_3228,0.0,0.0,abs_coefficient
feature_3227,0.0,0.0,abs_coefficient
feature_3226,0.0,0.0,abs_coefficient
feature_3225,0.0,0.0,abs_coefficient
feature_3224,0.0,0.0,abs_coefficient
feature_3223,0.0,0.0,abs_coefficient
feature_3222,0.0,0.0,abs_coefficient
feature_3221,0.0,0.0,abs_coefficient
feature_3220,0.0,0.0,abs_coefficient
feature_3219,0.0,0.0,abs_coefficient
feature_3218,0.0,0.0,abs_coefficient
feature_3204,0.0,0.0,abs_coefficient
feature_3216,0.0,0.0,abs_coefficient
feature_3215,0.0,0.0,abs_coefficient
feature_3214,0.0,0.0,abs_coefficient
feature_3213,0.0,0.0,abs_coefficient
feature_3212,0.0,0.0,abs_coefficient
feature_3211,0.0,0.0,abs_coefficient
feature_3210,0.0,0.0,abs_coefficient
feature_3209,0.0,0.0,abs_coefficient
feature_3208,0.0,0.0,abs_coefficient
feature_3207,0.0,0.0,abs_coefficient
feature_3206,0.0,0.0,abs_coefficient
feature_3205,0.0,0.0,abs_coefficient
feature_3217,0.0,0.0,abs_coefficient
feature_3152,0.0,0.0,abs_coefficient
feature_3151,0.0,0.0,abs_coefficient
feature_3150,0.0,0.0,abs_coefficient
feature_3149,0.0,0.0,abs_coefficient
feature_3148,0.0,0.0,abs_coefficient
feature_3147,0.0,0.0,abs_coefficient
feature_3146,0.0,0.0,abs_coefficient
feature_3145,0.0,0.0,abs_coefficient
feature_3144,0.0,0.0,abs_coefficient
feature_3143,0.0,0.0,abs_coefficient
feature_3142,0.0,0.0,abs_coefficient
feature_3179,0.0,0.0,abs_coefficient
feature_3140,0.0,0.0,abs_coefficient
feature_3139,0.0,0.0,abs_coefficient
feature_3138,0.0,0.0,abs_coefficient
feature_3137,0.0,0.0,abs_coefficient
feature_3135,0.0,0.0,abs_coefficient
feature_3134,0.0,0.0,abs_coefficient
feature_3133,0.0,0.0,abs_coefficient
feature_3132,0.0,0.0,abs_coefficient
feature_3131,0.0,0.0,abs_coefficient
feature_3130,0.0,0.0,abs_coefficient
feature_3129,0.0,0.0,abs_coefficient
feature_3128,0.0,0.0,abs_coefficient
feature_3141,0.0,0.0,abs_coefficient
feature_3178,0.0,0.0,abs_coefficient
feature_3177,0.0,0.0,abs_coefficient
feature_3176,0.0,0.0,abs_coefficient
feature_3175,0.0,0.0,abs_coefficient
feature_3174,0.0,0.0,abs_coefficient
feature_3173,0.0,0.0,abs_coefficient
feature_3172,0.0,0.0,abs_coefficient
feature_3171,0.0,0.0,abs_coefficient
feature_3170,0.0,0.0,abs_coefficient
feature_3169,0.0,0.0,abs_coefficient
feature_3168,0.0,0.0,abs_coefficient
feature_3167,0.0,0.0,abs_coefficient
feature_3153,0.0,0.0,abs_coefficient
feature_3165,0.0,0.0,abs_coefficient
feature_3164,0.0,0.0,abs_coefficient
feature_3163,0.0,0.0,abs_coefficient
feature_3162,0.0,0.0,abs_coefficient
feature_3161,0.0,0.0,abs_coefficient
feature_3160,0.0,0.0,abs_coefficient
feature_3159,0.0,0.0,abs_coefficient
feature_3158,0.0,0.0,abs_coefficient
feature_3157,0.0,0.0,abs_coefficient
feature_3156,0.0,0.0,abs_coefficient
feature_3155,0.0,0.0,abs_coefficient
feature_3154,0.0,0.0,abs_coefficient
feature_3166,0.0,0.0,abs_coefficient
feature_3306,0.0,0.0,abs_coefficient
feature_3305,0.0,0.0,abs_coefficient
feature_3304,0.0,0.0,abs_coefficient
feature_3303,0.0,0.0,abs_coefficient
feature_3302,0.0,0.0,abs_coefficient
feature_3301,0.0,0.0,abs_coefficient
feature_3300,0.0,0.0,abs_coefficient
feature_3299,0.0,0.0,abs_coefficient
feature_0003,0.0,0.0,abs_coefficient
feature_3297,0.0,0.0,abs_coefficient
feature_3296,0.0,0.0,abs_coefficient
feature_3230,0.0,0.0,abs_coefficient
feature_3294,0.0,0.0,abs_coefficient
feature_3293,0.0,0.0,abs_coefficient
feature_3292,0.0,0.0,abs_coefficient
feature_3291,0.0,0.0,abs_coefficient
feature_3290,0.0,0.0,abs_coefficient
feature_3289,0.0,0.0,abs_coefficient
feature_3288,0.0,0.0,abs_coefficient
feature_3287,0.0,0.0,abs_coefficient
feature_3286,0.0,0.0,abs_coefficient
feature_3285,0.0,0.0,abs_coefficient
feature_3284,0.0,0.0,abs_coefficient
feature_3283,0.0,0.0,abs_coefficient
feature_3295,0.0,0.0,abs_coefficient
feature_3333,0.0,0.0,abs_coefficient
feature_3332,0.0,0.0,abs_coefficient
feature_3331,0.0,0.0,abs_coefficient
feature_3330,0.0,0.0,abs_coefficient
feature_3329,0.0,0.0,abs_coefficient
feature_3328,0.0,0.0,abs_coefficient
feature_3327,0.0,0.0,abs_coefficient
feature_3326,0.0,0.0,abs_coefficient
feature_3325,0.0,0.0,abs_coefficient
feature_3324,0.0,0.0,abs_coefficient
feature_3323,0.0,0.0,abs_coefficient
feature_3322,0.0,0.0,abs_coefficient
feature_3307,0.0,0.0,abs_coefficient
feature_3320,0.0,0.0,abs_coefficient
feature_3319,0.0,0.0,abs_coefficient
feature_3318,0.0,0.0,abs_coefficient
feature_3317,0.0,0.0,abs_coefficient
feature_3316,0.0,0.0,abs_coefficient
feature_3315,0.0,0.0,abs_coefficient
feature_3314,0.0,0.0,abs_coefficient
feature_3312,0.0,0.0,abs_coefficient
feature_3311,0.0,0.0,abs_coefficient
feature_3310,0.0,0.0,abs_coefficient
feature_3309,0.0,0.0,abs_coefficient
feature_3308,0.0,0.0,abs_coefficient
feature_3321,0.0,0.0,abs_coefficient
feature_3255,0.0,0.0,abs_coefficient
feature_3254,0.0,0.0,abs_coefficient
feature_3253,0.0,0.0,abs_coefficient
feature_3252,0.0,0.0,abs_coefficient
feature_3250,0.0,0.0,abs_coefficient
feature_3249,0.0,0.0,abs_coefficient
feature_3248,0.0,0.0,abs_coefficient
feature_3247,0.0,0.0,abs_coefficient
feature_3246,0.0,0.0,abs_coefficient
feature_3245,0.0,0.0,abs_coefficient
feature_3244,0.0,0.0,abs_coefficient
feature_3282,0.0,0.0,abs_coefficient
feature_3242,0.0,0.0,abs_coefficient
feature_3241,0.0,0.0,abs_coefficient
feature_3240,0.0,0.0,abs_coefficient
feature_3239,0.0,0.0,abs_coefficient
feature_3238,0.0,0.0,abs_coefficient
feature_3237,0.0,0.0,abs_coefficient
feature_3236,0.0,0.0,abs_coefficient
feature_3235,0.0,0.0,abs_coefficient
feature_3234,0.0,0.0,abs_coefficient
feature_3233,0.0,0.0,abs_coefficient
feature_3232,0.0,0.0,abs_coefficient
feature_3231,0.0,0.0,abs_coefficient
feature_3243,0.0,0.0,abs_coefficient
feature_3281,0.0,0.0,abs_coefficient
feature_3280,0.0,0.0,abs_coefficient
feature_3279,0.0,0.0,abs_coefficient
feature_3278,0.0,0.0,abs_coefficient
feature_3277,0.0,0.0,abs_coefficient
feature_3276,0.0,0.0,abs_coefficient
feature_3275,0.0,0.0,abs_coefficient
feature_3274,0.0,0.0,abs_coefficient
feature_3273,0.0,0.0,abs_coefficient
feature_3272,0.0,0.0,abs_coefficient
feature_3271,0.0,0.0,abs_coefficient
feature_3270,0.0,0.0,abs_coefficient
feature_3256,0.0,0.0,abs_coefficient
feature_3268,0.0,0.0,abs_coefficient
feature_3267,0.0,0.0,abs_coefficient
feature_3266,0.0,0.0,abs_coefficient
feature_3265,0.0,0.0,abs_coefficient
feature_3264,0.0,0.0,abs_coefficient
feature_3263,0.0,0.0,abs_coefficient
feature_3262,0.0,0.0,abs_coefficient
feature_3261,0.0,0.0,abs_coefficient
feature_3260,0.0,0.0,abs_coefficient
feature_3259,0.0,0.0,abs_coefficient
feature_3258,0.0,0.0,abs_coefficient
feature_3257,0.0,0.0,abs_coefficient
feature_3269,0.0,0.0,abs_coefficient
feature_2995,0.0,0.0,abs_coefficient
feature_2994,0.0,0.0,abs_coefficient
feature_2993,0.0,0.0,abs_coefficient
feature_2992,0.0,0.0,abs_coefficient
feature_2991,0.0,0.0,abs_coefficient
feature_2990,0.0,0.0,abs_coefficient
feature_2989,0.0,0.0,abs_coefficient
feature_2988,0.0,0.0,abs_coefficient
feature_2987,0.0,0.0,abs_coefficient
feature_2986,0.0,0.0,abs_coefficient
feature_2985,0.0,0.0,abs_coefficient
feature_3127,0.0,0.0,abs_coefficient
feature_2983,0.0,0.0,abs_coefficient
feature_2982,0.0,0.0,abs_coefficient
feature_2981,0.0,0.0,abs_coefficient
feature_2980,0.0,0.0,abs_coefficient
feature_2979,0.0,0.0,abs_coefficient
feature_2978,0.0,0.0,abs_coefficient
feature_2977,0.0,0.0,abs_coefficient
feature_2976,0.0,0.0,abs_coefficient
feature_2975,0.0,0.0,abs_coefficient
feature_2974,0.0,0.0,abs_coefficient
feature_2973,0.0,0.0,abs_coefficient
feature_2972,0.0,0.0,abs_coefficient
feature_2984,0.0,0.0,abs_coefficient
feature_3021,0.0,0.0,abs_coefficient
feature_3020,0.0,0.0,abs_coefficient
feature_3019,0.0,0.0,abs_coefficient
feature_3018,0.0,0.0,abs_coefficient
feature_3017,0.0,0.0,abs_coefficient
feature_3016,0.0,0.0,abs_coefficient
feature_3015,0.0,0.0,abs_coefficient
feature_3014,0.0,0.0,abs_coefficient
feature_3013,0.0,0.0,abs_coefficient
feature_3012,0.0,0.0,abs_coefficient
feature_3011,0.0,0.0,abs_coefficient
feature_3010,0.0,0.0,abs_coefficient
feature_2996,0.0,0.0,abs_coefficient
feature_3008,0.0,0.0,abs_coefficient
feature_3007,0.0,0.0,abs_coefficient
feature_3006,0.0,0.0,abs_coefficient
feature_3005,0.0,0.0,abs_coefficient
feature_3004,0.0,0.0,abs_coefficient
feature_3003,0.0,0.0,abs_coefficient
feature_3002,0.0,0.0,abs_coefficient
feature_3001,0.0,0.0,abs_coefficient
feature_3000,0.0,0.0,abs_coefficient
feature_2999,0.0,0.0,abs_coefficient
feature_2998,0.0,0.0,abs_coefficient
feature_2997,0.0,0.0,abs_coefficient
feature_3009,0.0,0.0,abs_coefficient
feature_2943,0.0,0.0,abs_coefficient
feature_2942,0.0,0.0,abs_coefficient
feature_2941,0.0,0.0,abs_coefficient
feature_2940,0.0,0.0,abs_coefficient
feature_2939,0.0,0.0,abs_coefficient
feature_2938,0.0,0.0,abs_coefficient
feature_2937,0.0,0.0,abs_coefficient
feature_2936,0.0,0.0,abs_coefficient
feature_2935,0.0,0.0,abs_coefficient
feature_2934,0.0,0.0,abs_coefficient
feature_2933,0.0,0.0,abs_coefficient
feature_2971,0.0,0.0,abs_coefficient
feature_2931,0.0,0.0,abs_coefficient
feature_2930,0.0,0.0,abs_coefficient
feature_2929,0.0,0.0,abs_coefficient
feature_2928,0.0,0.0,abs_coefficient
feature_2927,0.0,0.0,abs_coefficient
feature_2926,0.0,0.0,abs_coefficient
feature_2925,0.0,0.0,abs_coefficient
feature_2924,0.0,0.0,abs_coefficient
feature_2923,0.0,0.0,abs_coefficient
feature_2922,0.0,0.0,abs_coefficient
feature_2921,0.0,0.0,abs_coefficient
feature_2920,0.0,0.0,abs_coefficient
feature_2932,0.0,0.0,abs_coefficient
feature_2970,0.0,0.0,abs_coefficient
feature_2969,0.0,0.0,abs_coefficient
feature_2968,0.0,0.0,abs_coefficient
feature_2967,0.0,0.0,abs_coefficient
feature_2966,0.0,0.0,abs_coefficient
feature_2965,0.0,0.0,abs_coefficient
feature_2964,0.0,0.0,abs_coefficient
feature_2963,0.0,0.0,abs_coefficient
feature_2962,0.0,0.0,abs_coefficient
feature_2961,0.0,0.0,abs_coefficient
feature_2959,0.0,0.0,abs_coefficient
feature_2958,0.0,0.0,abs_coefficient
feature_2944,0.0,0.0,abs_coefficient
feature_2956,0.0,0.0,abs_coefficient
feature_2955,0.0,0.0,abs_coefficient
feature_2954,0.0,0.0,abs_coefficient
feature_2953,0.0,0.0,abs_coefficient
feature_2952,0.0,0.0,abs_coefficient
feature_2951,0.0,0.0,abs_coefficient
feature_2950,0.0,0.0,abs_coefficient
feature_2949,0.0,0.0,abs_coefficient
feature_2948,0.0,0.0,abs_coefficient
feature_2947,0.0,0.0,abs_coefficient
feature_2946,0.0,0.0,abs_coefficient
feature_2945,0.0,0.0,abs_coefficient
feature_2957,0.0,0.0,abs_coefficient
feature_3099,0.0,0.0,abs_coefficient
feature_3098,0.0,0.0,abs_coefficient
feature_3097,0.0,0.0,abs_coefficient
feature_3096,0.0,0.0,abs_coefficient
feature_3095,0.0,0.0,abs_coefficient
feature_3094,0.0,0.0,abs_coefficient
feature_3093,0.0,0.0,abs_coefficient
feature_3092,0.0,0.0,abs_coefficient
feature_3091,0.0,0.0,abs_coefficient
feature_3090,0.0,0.0,abs_coefficient
feature_3089,0.0,0.0,abs_coefficient
feature_3022,0.0,0.0,abs_coefficient
feature_3087,0.0,0.0,abs_coefficient
feature_3086,0.0,0.0,abs_coefficient
feature_3085,0.0,0.0,abs_coefficient
feature_3084,0.0,0.0,abs_coefficient
feature_3083,0.0,0.0,abs_coefficient
feature_3082,0.0,0.0,abs_coefficient
feature_3081,0.0,0.0,abs_coefficient
feature_3080,0.0,0.0,abs_coefficient
feature_3079,0.0,0.0,abs_coefficient
feature_3078,0.0,0.0,abs_coefficient
feature_3077,0.0,0.0,abs_coefficient
feature_3076,0.0,0.0,abs_coefficient
feature_3088,0.0,0.0,abs_coefficient
feature_3126,0.0,0.0,abs_coefficient
feature_3125,0.0,0.0,abs_coefficient
feature_3124,0.0,0.0,abs_coefficient
feature_3123,0.0,0.0,abs_coefficient
feature_3122,0.0,0.0,abs_coefficient
feature_3121,0.0,0.0,abs_coefficient
feature_3120,0.0,0.0,abs_coefficient
feature_3119,0.0,0.0,abs_coefficient
feature_3118,0.0,0.0,abs_coefficient
feature_3117,0.0,0.0,abs_coefficient
feature_3116,0.0,0.0,abs_coefficient
feature_3115,0.0,0.0,abs_coefficient
feature_3100,0.0,0.0,abs_coefficient
feature_3112,0.0,0.0,abs_coefficient
feature_3111,0.0,0.0,abs_coefficient
feature_3110,0.0,0.0,abs_coefficient
feature_3109,0.0,0.0,abs_coefficient
feature_3108,0.0,0.0,abs_coefficient
feature_3107,0.0,0.0,abs_coefficient
feature_3106,0.0,0.0,abs_coefficient
feature_3105,0.0,0.0,abs_coefficient
feature_3104,0.0,0.0,abs_coefficient
feature_3103,0.0,0.0,abs_coefficient
feature_3102,0.0,0.0,abs_coefficient
feature_3101,0.0,0.0,abs_coefficient
feature_3114,0.0,0.0,abs_coefficient
feature_3047,0.0,0.0,abs_coefficient
feature_3046,0.0,0.0,abs_coefficient
feature_3045,0.0,0.0,abs_coefficient
feature_3044,0.0,0.0,abs_coefficient
feature_3043,0.0,0.0,abs_coefficient
feature_3042,0.0,0.0,abs_coefficient
feature_3041,0.0,0.0,abs_coefficient
feature_3040,0.0,0.0,abs_coefficient
feature_3039,0.0,0.0,abs_coefficient
feature_3037,0.0,0.0,abs_coefficient
feature_3036,0.0,0.0,abs_coefficient
feature_3075,0.0,0.0,abs_coefficient
feature_3034,0.0,0.0,abs_coefficient
feature_3033,0.0,0.0,abs_coefficient
feature_3032,0.0,0.0,abs_coefficient
feature_3031,0.0,0.0,abs_coefficient
feature_3030,0.0,0.0,abs_coefficient
feature_3029,0.0,0.0,abs_coefficient
feature_3028,0.0,0.0,abs_coefficient
feature_3027,0.0,0.0,abs_coefficient
feature_3026,0.0,0.0,abs_coefficient
feature_3025,0.0,0.0,abs_coefficient
feature_3024,0.0,0.0,abs_coefficient
feature_3023,0.0,0.0,abs_coefficient
feature_3035,0.0,0.0,abs_coefficient
feature_3074,0.0,0.0,abs_coefficient
feature_3073,0.0,0.0,abs_coefficient
feature_3072,0.0,0.0,abs_coefficient
feature_3071,0.0,0.0,abs_coefficient
feature_3070,0.0,0.0,abs_coefficient
feature_3069,0.0,0.0,abs_coefficient
feature_3068,0.0,0.0,abs_coefficient
feature_3067,0.0,0.0,abs_coefficient
feature_3066,0.0,0.0,abs_coefficient
feature_3064,0.0,0.0,abs_coefficient
feature_3063,0.0,0.0,abs_coefficient
feature_3062,0.0,0.0,abs_coefficient
feature_3048,0.0,0.0,abs_coefficient
feature_3060,0.0,0.0,abs_coefficient
feature_3059,0.0,0.0,abs_coefficient
feature_3058,0.0,0.0,abs_coefficient
feature_3057,0.0,0.0,abs_coefficient
feature_3056,0.0,0.0,abs_coefficient
feature_3055,0.0,0.0,abs_coefficient
feature_3054,0.0,0.0,abs_coefficient
feature_3053,0.0,0.0,abs_coefficient
feature_3052,0.0,0.0,abs_coefficient
feature_3051,0.0,0.0,abs_coefficient
feature_3050,0.0,0.0,abs_coefficient
feature_3049,0.0,0.0,abs_coefficient
feature_3061,0.0,0.0,abs_coefficient
feature_1955,0.0,0.0,abs_coefficient
feature_1954,0.0,0.0,abs_coefficient
feature_1953,0.0,0.0,abs_coefficient
feature_1952,0.0,0.0,abs_coefficient
feature_1951,0.0,0.0,abs_coefficient
feature_1950,0.0,0.0,abs_coefficient
feature_1949,0.0,0.0,abs_coefficient
feature_1948,0.0,0.0,abs_coefficient
feature_1947,0.0,0.0,abs_coefficient
feature_1946,0.0,0.0,abs_coefficient
feature_1945,0.0,0.0,abs_coefficient
feature_2501,0.0,0.0,abs_coefficient
feature_1943,0.0,0.0,abs_coefficient
feature_1942,0.0,0.0,abs_coefficient
feature_1941,0.0,0.0,abs_coefficient
feature_1940,0.0,0.0,abs_coefficient
feature_1939,0.0,0.0,abs_coefficient
feature_1938,0.0,0.0,abs_coefficient
feature_1937,0.0,0.0,abs_coefficient
feature_1936,0.0,0.0,abs_coefficient
feature_1935,0.0,0.0,abs_coefficient
feature_1934,0.0,0.0,abs_coefficient
feature_1933,0.0,0.0,abs_coefficient
feature_1932,0.0,0.0,abs_coefficient
feature_1944,0.0,0.0,abs_coefficient
feature_1981,0.0,0.0,abs_coefficient
feature_1980,0.0,0.0,abs_coefficient
feature_1979,0.0,0.0,abs_coefficient
feature_1978,0.0,0.0,abs_coefficient
feature_1977,0.0,0.0,abs_coefficient
feature_1976,0.0,0.0,abs_coefficient
feature_1975,0.0,0.0,abs_coefficient
feature_1974,0.0,0.0,abs_coefficient
feature_1973,0.0,0.0,abs_coefficient
feature_1972,0.0,0.0,abs_coefficient
feature_1971,0.0,0.0,abs_coefficient
feature_1970,0.0,0.0,abs_coefficient
feature_1956,0.0,0.0,abs_coefficient
feature_1968,0.0,0.0,abs_coefficient
feature_1967,0.0,0.0,abs_coefficient
feature_1966,0.0,0.0,abs_coefficient
feature_1965,0.0,0.0,abs_coefficient
feature_1964,0.0,0.0,abs_coefficient
feature_1963,0.0,0.0,abs_coefficient
feature_1962,0.0,0.0,abs_coefficient
feature_1961,0.0,0.0,abs_coefficient
feature_1960,0.0,0.0,abs_coefficient
feature_1959,0.0,0.0,abs_coefficient
feature_1958,0.0,0.0,abs_coefficient
feature_1957,0.0,0.0,abs_coefficient
feature_1969,0.0,0.0,abs_coefficient
feature_1904,0.0,0.0,abs_coefficient
feature_1903,0.0,0.0,abs_coefficient
feature_1902,0.0,0.0,abs_coefficient
feature_1901,0.0,0.0,abs_coefficient
feature_1900,0.0,0.0,abs_coefficient
feature_1899,0.0,0.0,abs_coefficient
feature_1898,0.0,0.0,abs_coefficient
feature_1897,0.0,0.0,abs_coefficient
feature_1896,0.0,0.0,abs_coefficient
feature_1895,0.0,0.0,abs_coefficient
feature_1894,0.0,0.0,abs_coefficient
feature_1931,0.0,0.0,abs_coefficient
feature_1892,0.0,0.0,abs_coefficient
feature_1891,0.0,0.0,abs_coefficient
feature_1890,0.0,0.0,abs_coefficient
feature_1889,0.0,0.0,abs_coefficient
feature_1888,0.0,0.0,abs_coefficient
feature_1887,0.0,0.0,abs_coefficient
feature_1886,0.0,0.0,abs_coefficient
feature_1885,0.0,0.0,abs_coefficient
feature_1884,0.0,0.0,abs_coefficient
feature_1883,0.0,0.0,abs_coefficient
feature_1882,0.0,0.0,abs_coefficient
feature_1881,0.0,0.0,abs_coefficient
feature_1893,0.0,0.0,abs_coefficient
feature_1930,0.0,0.0,abs_coefficient
feature_1929,0.0,0.0,abs_coefficient
feature_1928,0.0,0.0,abs_coefficient
feature_1927,0.0,0.0,abs_coefficient
feature_1926,0.0,0.0,abs_coefficient
feature_1925,0.0,0.0,abs_coefficient
feature_1924,0.0,0.0,abs_coefficient
feature_1923,0.0,0.0,abs_coefficient
feature_1922,0.0,0.0,abs_coefficient
feature_1921,0.0,0.0,abs_coefficient
feature_1920,0.0,0.0,abs_coefficient
feature_1919,0.0,0.0,abs_coefficient
feature_1905,0.0,0.0,abs_coefficient
feature_1917,0.0,0.0,abs_coefficient
feature_1916,0.0,0.0,abs_coefficient
feature_1915,0.0,0.0,abs_coefficient
feature_1914,0.0,0.0,abs_coefficient
feature_1913,0.0,0.0,abs_coefficient
feature_1912,0.0,0.0,abs_coefficient
feature_1911,0.0,0.0,abs_coefficient
feature_1910,0.0,0.0,abs_coefficient
feature_1909,0.0,0.0,abs_coefficient
feature_1908,0.0,0.0,abs_coefficient
feature_1907,0.0,0.0,abs_coefficient
feature_1906,0.0,0.0,abs_coefficient
feature_1918,0.0,0.0,abs_coefficient
feature_2058,0.0,0.0,abs_coefficient
feature_2057,0.0,0.0,abs_coefficient
feature_2056,0.0,0.0,abs_coefficient
feature_2055,0.0,0.0,abs_coefficient
feature_2054,0.0,0.0,abs_coefficient
feature_2053,0.0,0.0,abs_coefficient
feature_2052,0.0,0.0,abs_coefficient
feature_2051,0.0,0.0,abs_coefficient
feature_2050,0.0,0.0,abs_coefficient
feature_2049,0.0,0.0,abs_coefficient
feature_2048,0.0,0.0,abs_coefficient
feature_1982,0.0,0.0,abs_coefficient
feature_2046,0.0,0.0,abs_coefficient
feature_2045,0.0,0.0,abs_coefficient
feature_2044,0.0,0.0,abs_coefficient
feature_2043,0.0,0.0,abs_coefficient
feature_2042,0.0,0.0,abs_coefficient
feature_2041,0.0,0.0,abs_coefficient
feature_2040,0.0,0.0,abs_coefficient
feature_2039,0.0,0.0,abs_coefficient
feature_2038,0.0,0.0,abs_coefficient
feature_2037,0.0,0.0,abs_coefficient
feature_2036,0.0,0.0,abs_coefficient
feature_2035,0.0,0.0,abs_coefficient
feature_2047,0.0,0.0,abs_coefficient
feature_2085,0.0,0.0,abs_coefficient
feature_2084,0.0,0.0,abs_coefficient
feature_2083,0.0,0.0,abs_coefficient
feature_2082,0.0,0.0,abs_coefficient
feature_2081,0.0,0.0,abs_coefficient
feature_2080,0.0,0.0,abs_coefficient
feature_2079,0.0,0.0,abs_coefficient
feature_2078,0.0,0.0,abs_coefficient
feature_2077,0.0,0.0,abs_coefficient
feature_2076,0.0,0.0,abs_coefficient
feature_2075,0.0,0.0,abs_coefficient
feature_2074,0.0,0.0,abs_coefficient
feature_2059,0.0,0.0,abs_coefficient
feature_2072,0.0,0.0,abs_coefficient
feature_2071,0.0,0.0,abs_coefficient
feature_2070,0.0,0.0,abs_coefficient
feature_2069,0.0,0.0,abs_coefficient
feature_2068,0.0,0.0,abs_coefficient
feature_2067,0.0,0.0,abs_coefficient
feature_2066,0.0,0.0,abs_coefficient
feature_2065,0.0,0.0,abs_coefficient
feature_2064,0.0,0.0,abs_coefficient
feature_2062,0.0,0.0,abs_coefficient
feature_2061,0.0,0.0,abs_coefficient
feature_2060,0.0,0.0,abs_coefficient
feature_2073,0.0,0.0,abs_coefficient
feature_2006,0.0,0.0,abs_coefficient
feature_2005,0.0,0.0,abs_coefficient
feature_2004,0.0,0.0,abs_coefficient
feature_2003,0.0,0.0,abs_coefficient
feature_2002,0.0,0.0,abs_coefficient
feature_2001,0.0,0.0,abs_coefficient
feature_2000,0.0,0.0,abs_coefficient
feature_1999,0.0,0.0,abs_coefficient
feature_1998,0.0,0.0,abs_coefficient
feature_1997,0.0,0.0,abs_coefficient
feature_1996,0.0,0.0,abs_coefficient
feature_2033,0.0,0.0,abs_coefficient
feature_1994,0.0,0.0,abs_coefficient
feature_1993,0.0,0.0,abs_coefficient
feature_1992,0.0,0.0,abs_coefficient
feature_1991,0.0,0.0,abs_coefficient
feature_1990,0.0,0.0,abs_coefficient
feature_1989,0.0,0.0,abs_coefficient
feature_1988,0.0,0.0,abs_coefficient
feature_1987,0.0,0.0,abs_coefficient
feature_1986,0.0,0.0,abs_coefficient
feature_1985,0.0,0.0,abs_coefficient
feature_1984,0.0,0.0,abs_coefficient
feature_1983,0.0,0.0,abs_coefficient
feature_1995,0.0,0.0,abs_coefficient
feature_2032,0.0,0.0,abs_coefficient
feature_2031,0.0,0.0,abs_coefficient
feature_2030,0.0,0.0,abs_coefficient
feature_2029,0.0,0.0,abs_coefficient
feature_2028,0.0,0.0,abs_coefficient
feature_2027,0.0,0.0,abs_coefficient
feature_2026,0.0,0.0,abs_coefficient
feature_2025,0.0,0.0,abs_coefficient
feature_2024,0.0,0.0,abs_coefficient
feature_2023,0.0,0.0,abs_coefficient
feature_2022,0.0,0.0,abs_coefficient
feature_2021,0.0,0.0,abs_coefficient
feature_2007,0.0,0.0,abs_coefficient
feature_2019,0.0,0.0,abs_coefficient
feature_2018,0.0,0.0,abs_coefficient
feature_2017,0.0,0.0,abs_coefficient
feature_2016,0.0,0.0,abs_coefficient
feature_2015,0.0,0.0,abs_coefficient
feature_2014,0.0,0.0,abs_coefficient
feature_2013,0.0,0.0,abs_coefficient
feature_2012,0.0,0.0,abs_coefficient
feature_2011,0.0,0.0,abs_coefficient
feature_2010,0.0,0.0,abs_coefficient
feature_2009,0.0,0.0,abs_coefficient
feature_2008,0.0,0.0,abs_coefficient
feature_2020,0.0,0.0,abs_coefficient
feature_1748,0.0,0.0,abs_coefficient
feature_1747,0.0,0.0,abs_coefficient
feature_1746,0.0,0.0,abs_coefficient
feature_1745,0.0,0.0,abs_coefficient
feature_1744,0.0,0.0,abs_coefficient
feature_1743,0.0,0.0,abs_coefficient
feature_1742,0.0,0.0,abs_coefficient
feature_1741,0.0,0.0,abs_coefficient
feature_1740,0.0,0.0,abs_coefficient
feature_1739,0.0,0.0,abs_coefficient
feature_1738,0.0,0.0,abs_coefficient
feature_1880,0.0,0.0,abs_coefficient
feature_1736,0.0,0.0,abs_coefficient
feature_1735,0.0,0.0,abs_coefficient
feature_1734,0.0,0.0,abs_coefficient
feature_1733,0.0,0.0,abs_coefficient
feature_1731,0.0,0.0,abs_coefficient
feature_1730,0.0,0.0,abs_coefficient
feature_1729,0.0,0.0,abs_coefficient
feature_1728,0.0,0.0,abs_coefficient
feature_1727,0.0,0.0,abs_coefficient
feature_1726,0.0,0.0,abs_coefficient
feature_1725,0.0,0.0,abs_coefficient
feature_1724,0.0,0.0,abs_coefficient
feature_1737,0.0,0.0,abs_coefficient
feature_1774,0.0,0.0,abs_coefficient
feature_1773,0.0,0.0,abs_coefficient
feature_1772,0.0,0.0,abs_coefficient
feature_1771,0.0,0.0,abs_coefficient
feature_1770,0.0,0.0,abs_coefficient
feature_1769,0.0,0.0,abs_coefficient
feature_1768,0.0,0.0,abs_coefficient
feature_1767,0.0,0.0,abs_coefficient
feature_1766,0.0,0.0,abs_coefficient
feature_1765,0.0,0.0,abs_coefficient
feature_1764,0.0,0.0,abs_coefficient
feature_1763,0.0,0.0,abs_coefficient
feature_1749,0.0,0.0,abs_coefficient
feature_1761,0.0,0.0,abs_coefficient
feature_1760,0.0,0.0,abs_coefficient
feature_1759,0.0,0.0,abs_coefficient
feature_1758,0.0,0.0,abs_coefficient
feature_1757,0.0,0.0,abs_coefficient
feature_1756,0.0,0.0,abs_coefficient
feature_1755,0.0,0.0,abs_coefficient
feature_1754,0.0,0.0,abs_coefficient
feature_1753,0.0,0.0,abs_coefficient
feature_1752,0.0,0.0,abs_coefficient
feature_1751,0.0,0.0,abs_coefficient
feature_1750,0.0,0.0,abs_coefficient
feature_1762,0.0,0.0,abs_coefficient
feature_1695,0.0,0.0,abs_coefficient
feature_1694,0.0,0.0,abs_coefficient
feature_1693,0.0,0.0,abs_coefficient
feature_1692,0.0,0.0,abs_coefficient
feature_1691,0.0,0.0,abs_coefficient
feature_1690,0.0,0.0,abs_coefficient
feature_1689,0.0,0.0,abs_coefficient
feature_1688,0.0,0.0,abs_coefficient
feature_1687,0.0,0.0,abs_coefficient
feature_1686,0.0,0.0,abs_coefficient
feature_1685,0.0,0.0,abs_coefficient
feature_1723,0.0,0.0,abs_coefficient
feature_1683,0.0,0.0,abs_coefficient
feature_1682,0.0,0.0,abs_coefficient
feature_1681,0.0,0.0,abs_coefficient
feature_1680,0.0,0.0,abs_coefficient
feature_1679,0.0,0.0,abs_coefficient
feature_1678,0.0,0.0,abs_coefficient
feature_1677,0.0,0.0,abs_coefficient
feature_1676,0.0,0.0,abs_coefficient
feature_1675,0.0,0.0,abs_coefficient
feature_1674,0.0,0.0,abs_coefficient
feature_1673,0.0,0.0,abs_coefficient
feature_1672,0.0,0.0,abs_coefficient
feature_1684,0.0,0.0,abs_coefficient
feature_1722,0.0,0.0,abs_coefficient
feature_1721,0.0,0.0,abs_coefficient
feature_1720,0.0,0.0,abs_coefficient
feature_1719,0.0,0.0,abs_coefficient
feature_1718,0.0,0.0,abs_coefficient
feature_1717,0.0,0.0,abs_coefficient
feature_1716,0.0,0.0,abs_coefficient
feature_1715,0.0,0.0,abs_coefficient
feature_1714,0.0,0.0,abs_coefficient
feature_1713,0.0,0.0,abs_coefficient
feature_1712,0.0,0.0,abs_coefficient
feature_1711,0.0,0.0,abs_coefficient
feature_1696,0.0,0.0,abs_coefficient
feature_1709,0.0,0.0,abs_coefficient
feature_1708,0.0,0.0,abs_coefficient
feature_1707,0.0,0.0,abs_coefficient
feature_1706,0.0,0.0,abs_coefficient
feature_1704,0.0,0.0,abs_coefficient
feature_1703,0.0,0.0,abs_coefficient
feature_1702,0.0,0.0,abs_coefficient
feature_1701,0.0,0.0,abs_coefficient
feature_1700,0.0,0.0,abs_coefficient
feature_1699,0.0,0.0,abs_coefficient
feature_1698,0.0,0.0,abs_coefficient
feature_1697,0.0,0.0,abs_coefficient
feature_1710,0.0,0.0,abs_coefficient
feature_1853,0.0,0.0,abs_coefficient
feature_1852,0.0,0.0,abs_coefficient
feature_1851,0.0,0.0,abs_coefficient
feature_1850,0.0,0.0,abs_coefficient
feature_1849,0.0,0.0,abs_coefficient
feature_1848,0.0,0.0,abs_coefficient
feature_1847,0.0,0.0,abs_coefficient
feature_1846,0.0,0.0,abs_coefficient
feature_1845,0.0,0.0,abs_coefficient
feature_1844,0.0,0.0,abs_coefficient
feature_1843,0.0,0.0,abs_coefficient
feature_1775,0.0,0.0,abs_coefficient
feature_1841,0.0,0.0,abs_coefficient
feature_1840,0.0,0.0,abs_coefficient
feature_1839,0.0,0.0,abs_coefficient
feature_1838,0.0,0.0,abs_coefficient
feature_1837,0.0,0.0,abs_coefficient
feature_1836,0.0,0.0,abs_coefficient
feature_1835,0.0,0.0,abs_coefficient
feature_1834,0.0,0.0,abs_coefficient
feature_1833,0.0,0.0,abs_coefficient
feature_1832,0.0,0.0,abs_coefficient
feature_1831,0.0,0.0,abs_coefficient
feature_1830,0.0,0.0,abs_coefficient
feature_1842,0.0,0.0,abs_coefficient
feature_1879,0.0,0.0,abs_coefficient
feature_1878,0.0,0.0,abs_coefficient
feature_1877,0.0,0.0,abs_coefficient
feature_1876,0.0,0.0,abs_coefficient
feature_1875,0.0,0.0,abs_coefficient
feature_1874,0.0,0.0,abs_coefficient
feature_1873,0.0,0.0,abs_coefficient
feature_1872,0.0,0.0,abs_coefficient
feature_1871,0.0,0.0,abs_coefficient
feature_1870,0.0,0.0,abs_coefficient
feature_1869,0.0,0.0,abs_coefficient
feature_1868,0.0,0.0,abs_coefficient
feature_1854,0.0,0.0,abs_coefficient
feature_1866,0.0,0.0,abs_coefficient
feature_1865,0.0,0.0,abs_coefficient
feature_1864,0.0,0.0,abs_coefficient
feature_1863,0.0,0.0,abs_coefficient
feature_1862,0.0,0.0,abs_coefficient
feature_1861,0.0,0.0,abs_coefficient
feature_1860,0.0,0.0,abs_coefficient
feature_1859,0.0,0.0,abs_coefficient
feature_1858,0.0,0.0,abs_coefficient
feature_1857,0.0,0.0,abs_coefficient
feature_1856,0.0,0.0,abs_coefficient
feature_1855,0.0,0.0,abs_coefficient
feature_1867,0.0,0.0,abs_coefficient
feature_1802,0.0,0.0,abs_coefficient
feature_1801,0.0,0.0,abs_coefficient
feature_1800,0.0,0.0,abs_coefficient
feature_1799,0.0,0.0,abs_coefficient
feature_1798,0.0,0.0,abs_coefficient
feature_1797,0.0,0.0,abs_coefficient
feature_1796,0.0,0.0,abs_coefficient
feature_1795,0.0,0.0,abs_coefficient
feature_1794,0.0,0.0,abs_coefficient
feature_1793,0.0,0.0,abs_coefficient
feature_1792,0.0,0.0,abs_coefficient
feature_1829,0.0,0.0,abs_coefficient
feature_1790,0.0,0.0,abs_coefficient
feature_1789,0.0,0.0,abs_coefficient
feature_1788,0.0,0.0,abs_coefficient
feature_1787,0.0,0.0,abs_coefficient
feature_1786,0.0,0.0,abs_coefficient
feature_1785,0.0,0.0,abs_coefficient
feature_1782,0.0,0.0,abs_coefficient
feature_1781,0.0,0.0,abs_coefficient
feature_1780,0.0,0.0,abs_coefficient
feature_1779,0.0,0.0,abs_coefficient
feature_1777,0.0,0.0,abs_coefficient
feature_1776,0.0,0.0,abs_coefficient
feature_1791,0.0,0.0,abs_coefficient
feature_1828,0.0,0.0,abs_coefficient
feature_1827,0.0,0.0,abs_coefficient
feature_1826,0.0,0.0,abs_coefficient
feature_1825,0.0,0.0,abs_coefficient
feature_1824,0.0,0.0,abs_coefficient
feature_1823,0.0,0.0,abs_coefficient
feature_1822,0.0,0.0,abs_coefficient
feature_1821,0.0,0.0,abs_coefficient
feature_1820,0.0,0.0,abs_coefficient
feature_1819,0.0,0.0,abs_coefficient
feature_1818,0.0,0.0,abs_coefficient
feature_1817,0.0,0.0,abs_coefficient
feature_1803,0.0,0.0,abs_coefficient
feature_1815,0.0,0.0,abs_coefficient
feature_1814,0.0,0.0,abs_coefficient
feature_1813,0.0,0.0,abs_coefficient
feature_1812,0.0,0.0,abs_coefficient
feature_1811,0.0,0.0,abs_coefficient
feature_1810,0.0,0.0,abs_coefficient
feature_1809,0.0,0.0,abs_coefficient
feature_1808,0.0,0.0,abs_coefficient
feature_1807,0.0,0.0,abs_coefficient
feature_1806,0.0,0.0,abs_coefficient
feature_1805,0.0,0.0,abs_coefficient
feature_1804,0.0,0.0,abs_coefficient
feature_1816,0.0,0.0,abs_coefficient
feature_2370,0.0,0.0,abs_coefficient
feature_2369,0.0,0.0,abs_coefficient
feature_2368,0.0,0.0,abs_coefficient
feature_2367,0.0,0.0,abs_coefficient
feature_2366,0.0,0.0,abs_coefficient
feature_2365,0.0,0.0,abs_coefficient
feature_2364,0.0,0.0,abs_coefficient
feature_2363,0.0,0.0,abs_coefficient
feature_2362,0.0,0.0,abs_coefficient
feature_2361,0.0,0.0,abs_coefficient
feature_2360,0.0,0.0,abs_coefficient
feature_2086,0.0,0.0,abs_coefficient
feature_2358,0.0,0.0,abs_coefficient
feature_2357,0.0,0.0,abs_coefficient
feature_2356,0.0,0.0,abs_coefficient
feature_2355,0.0,0.0,abs_coefficient
feature_2354,0.0,0.0,abs_coefficient
feature_2353,0.0,0.0,abs_coefficient
feature_2352,0.0,0.0,abs_coefficient
feature_2351,0.0,0.0,abs_coefficient
feature_2350,0.0,0.0,abs_coefficient
feature_2349,0.0,0.0,abs_coefficient
feature_2348,0.0,0.0,abs_coefficient
feature_2347,0.0,0.0,abs_coefficient
feature_2359,0.0,0.0,abs_coefficient
feature_2396,0.0,0.0,abs_coefficient
feature_2395,0.0,0.0,abs_coefficient
feature_2394,0.0,0.0,abs_coefficient
feature_2393,0.0,0.0,abs_coefficient
feature_2392,0.0,0.0,abs_coefficient
feature_2391,0.0,0.0,abs_coefficient
feature_2390,0.0,0.0,abs_coefficient
feature_2389,0.0,0.0,abs_coefficient
feature_2388,0.0,0.0,abs_coefficient
feature_2387,0.0,0.0,abs_coefficient
feature_2386,0.0,0.0,abs_coefficient
feature_2385,0.0,0.0,abs_coefficient
feature_2371,0.0,0.0,abs_coefficient
feature_2383,0.0,0.0,abs_coefficient
feature_2382,0.0,0.0,abs_coefficient
feature_2381,0.0,0.0,abs_coefficient
feature_2380,0.0,0.0,abs_coefficient
feature_2379,0.0,0.0,abs_coefficient
feature_2378,0.0,0.0,abs_coefficient
feature_2377,0.0,0.0,abs_coefficient
feature_2376,0.0,0.0,abs_coefficient
feature_2375,0.0,0.0,abs_coefficient
feature_2374,0.0,0.0,abs_coefficient
feature_2373,0.0,0.0,abs_coefficient
feature_2372,0.0,0.0,abs_coefficient
feature_2384,0.0,0.0,abs_coefficient
feature_2319,0.0,0.0,abs_coefficient
feature_2318,0.0,0.0,abs_coefficient
feature_2317,0.0,0.0,abs_coefficient
feature_2316,0.0,0.0,abs_coefficient
feature_2315,0.0,0.0,abs_coefficient
feature_2314,0.0,0.0,abs_coefficient
feature_2313,0.0,0.0,abs_coefficient
feature_2312,0.0,0.0,abs_coefficient
feature_2311,0.0,0.0,abs_coefficient
feature_2310,0.0,0.0,abs_coefficient
feature_2309,0.0,0.0,abs_coefficient
feature_2346,0.0,0.0,abs_coefficient
feature_2307,0.0,0.0,abs_coefficient
feature_2306,0.0,0.0,abs_coefficient
feature_2305,0.0,0.0,abs_coefficient
feature_2304,0.0,0.0,abs_coefficient
feature_2303,0.0,0.0,abs_coefficient
feature_2302,0.0,0.0,abs_coefficient
feature_2301,0.0,0.0,abs_coefficient
feature_2300,0.0,0.0,abs_coefficient
feature_2299,0.0,0.0,abs_coefficient
feature_2298,0.0,0.0,abs_coefficient
feature_2297,0.0,0.0,abs_coefficient
feature_2296,0.0,0.0,abs_coefficient
feature_2308,0.0,0.0,abs_coefficient
feature_2345,0.0,0.0,abs_coefficient
feature_2344,0.0,0.0,abs_coefficient
feature_2343,0.0,0.0,abs_coefficient
feature_2342,0.0,0.0,abs_coefficient
feature_2341,0.0,0.0,abs_coefficient
feature_2340,0.0,0.0,abs_coefficient
feature_2339,0.0,0.0,abs_coefficient
feature_2338,0.0,0.0,abs_coefficient
feature_2337,0.0,0.0,abs_coefficient
feature_2336,0.0,0.0,abs_coefficient
feature_2335,0.0,0.0,abs_coefficient
feature_2334,0.0,0.0,abs_coefficient
feature_2320,0.0,0.0,abs_coefficient
feature_2332,0.0,0.0,abs_coefficient
feature_2331,0.0,0.0,abs_coefficient
feature_2330,0.0,0.0,abs_coefficient
feature_2329,0.0,0.0,abs_coefficient
feature_2328,0.0,0.0,abs_coefficient
feature_2327,0.0,0.0,abs_coefficient
feature_2326,0.0,0.0,abs_coefficient
feature_2325,0.0,0.0,abs_coefficient
feature_2324,0.0,0.0,abs_coefficient
feature_2323,0.0,0.0,abs_coefficient
feature_2322,0.0,0.0,abs_coefficient
feature_2321,0.0,0.0,abs_coefficient
feature_2333,0.0,0.0,abs_coefficient
feature_2474,0.0,0.0,abs_coefficient
feature_2473,0.0,0.0,abs_coefficient
feature_2472,0.0,0.0,abs_coefficient
feature_2471,0.0,0.0,abs_coefficient
feature_2470,0.0,0.0,abs_coefficient
feature_2469,0.0,0.0,abs_coefficient
feature_2468,0.0,0.0,abs_coefficient
feature_2467,0.0,0.0,abs_coefficient
feature_2466,0.0,0.0,abs_coefficient
feature_2465,0.0,0.0,abs_coefficient
feature_2464,0.0,0.0,abs_coefficient
feature_2397,0.0,0.0,abs_coefficient
feature_2462,0.0,0.0,abs_coefficient
feature_2461,0.0,0.0,abs_coefficient
feature_2460,0.0,0.0,abs_coefficient
feature_2459,0.0,0.0,abs_coefficient
feature_2458,0.0,0.0,abs_coefficient
feature_2457,0.0,0.0,abs_coefficient
feature_2456,0.0,0.0,abs_coefficient
feature_2455,0.0,0.0,abs_coefficient
feature_2454,0.0,0.0,abs_coefficient
feature_2453,0.0,0.0,abs_coefficient
feature_2452,0.0,0.0,abs_coefficient
feature_2451,0.0,0.0,abs_coefficient
feature_2463,0.0,0.0,abs_coefficient
feature_2500,0.0,0.0,abs_coefficient
feature_2499,0.0,0.0,abs_coefficient
feature_2498,0.0,0.0,abs_coefficient
feature_2497,0.0,0.0,abs_coefficient
feature_2496,0.0,0.0,abs_coefficient
feature_2495,0.0,0.0,abs_coefficient
feature_2494,0.0,0.0,abs_coefficient
feature_2493,0.0,0.0,abs_coefficient
feature_2492,0.0,0.0,abs_coefficient
feature_2491,0.0,0.0,abs_coefficient
feature_2490,0.0,0.0,abs_coefficient
feature_2489,0.0,0.0,abs_coefficient
feature_2475,0.0,0.0,abs_coefficient
feature_2487,0.0,0.0,abs_coefficient
feature_2486,0.0,0.0,abs_coefficient
feature_2485,0.0,0.0,abs_coefficient
feature_2484,0.0,0.0,abs_coefficient
feature_2483,0.0,0.0,abs_coefficient
feature_2482,0.0,0.0,abs_coefficient
feature_2481,0.0,0.0,abs_coefficient
feature_2480,0.0,0.0,abs_coefficient
feature_2479,0.0,0.0,abs_coefficient
feature_2478,0.0,0.0,abs_coefficient
feature_2477,0.0,0.0,abs_coefficient
feature_2476,0.0,0.0,abs_coefficient
feature_2488,0.0,0.0,abs_coefficient
feature_2421,0.0,0.0,abs_coefficient
feature_2420,0.0,0.0,abs_coefficient
feature_2419,0.0,0.0,abs_coefficient
feature_2418,0.0,0.0,abs_coefficient
feature_2417,0.0,0.0,abs_coefficient
feature_2416,0.0,0.0,abs_coefficient
feature_2415,0.0,0.0,abs_coefficient
feature_2414,0.0,0.0,abs_coefficient
feature_2413,0.0,0.0,abs_coefficient
feature_2412,0.0,0.0,abs_coefficient
feature_2411,0.0,0.0,abs_coefficient
feature_2450,0.0,0.0,abs_coefficient
feature_2409,0.0,0.0,abs_coefficient
feature_2408,0.0,0.0,abs_coefficient
feature_2407,0.0,0.0,abs_coefficient
feature_2406,0.0,0.0,abs_coefficient
feature_2405,0.0,0.0,abs_coefficient
feature_2404,0.0,0.0,abs_coefficient
feature_2403,0.0,0.0,abs_coefficient
feature_2402,0.0,0.0,abs_coefficient
feature_2401,0.0,0.0,abs_coefficient
feature_2400,0.0,0.0,abs_coefficient
feature_2399,0.0,0.0,abs_coefficient
feature_2398,0.0,0.0,abs_coefficient
feature_2410,0.0,0.0,abs_coefficient
feature_2449,0.0,0.0,abs_coefficient
feature_2448,0.0,0.0,abs_coefficient
feature_2445,0.0,0.0,abs_coefficient
feature_2444,0.0,0.0,abs_coefficient
feature_2443,0.0,0.0,abs_coefficient
feature_2442,0.0,0.0,abs_coefficient
feature_2441,0.0,0.0,abs_coefficient
feature_2440,0.0,0.0,abs_coefficient
feature_2439,0.0,0.0,abs_coefficient
feature_2438,0.0,0.0,abs_coefficient
feature_2437,0.0,0.0,abs_coefficient
feature_2436,0.0,0.0,abs_coefficient
feature_2422,0.0,0.0,abs_coefficient
feature_2434,0.0,0.0,abs_coefficient
feature_2433,0.0,0.0,abs_coefficient
feature_2432,0.0,0.0,abs_coefficient
feature_2431,0.0,0.0,abs_coefficient
feature_2430,0.0,0.0,abs_coefficient
feature_2429,0.0,0.0,abs_coefficient
feature_2428,0.0,0.0,abs_coefficient
feature_2427,0.0,0.0,abs_coefficient
feature_2426,0.0,0.0,abs_coefficient
feature_2425,0.0,0.0,abs_coefficient
feature_2424,0.0,0.0,abs_coefficient
feature_2423,0.0,0.0,abs_coefficient
feature_2435,0.0,0.0,abs_coefficient
feature_2162,0.0,0.0,abs_coefficient
feature_2161,0.0,0.0,abs_coefficient
feature_2160,0.0,0.0,abs_coefficient
feature_2159,0.0,0.0,abs_coefficient
feature_2158,0.0,0.0,abs_coefficient
feature_2157,0.0,0.0,abs_coefficient
feature_2156,0.0,0.0,abs_coefficient
feature_2155,0.0,0.0,abs_coefficient
feature_2154,0.0,0.0,abs_coefficient
feature_2153,0.0,0.0,abs_coefficient
feature_2152,0.0,0.0,abs_coefficient
feature_2295,0.0,0.0,abs_coefficient
feature_2150,0.0,0.0,abs_coefficient
feature_2149,0.0,0.0,abs_coefficient
feature_2148,0.0,0.0,abs_coefficient
feature_2147,0.0,0.0,abs_coefficient
feature_2146,0.0,0.0,abs_coefficient
feature_2145,0.0,0.0,abs_coefficient
feature_2144,0.0,0.0,abs_coefficient
feature_2143,0.0,0.0,abs_coefficient
feature_2142,0.0,0.0,abs_coefficient
feature_2141,0.0,0.0,abs_coefficient
feature_2140,0.0,0.0,abs_coefficient
feature_2139,0.0,0.0,abs_coefficient
feature_2151,0.0,0.0,abs_coefficient
feature_2189,0.0,0.0,abs_coefficient
feature_2188,0.0,0.0,abs_coefficient
feature_2187,0.0,0.0,abs_coefficient
feature_2186,0.0,0.0,abs_coefficient
feature_2185,0.0,0.0,abs_coefficient
feature_2184,0.0,0.0,abs_coefficient
feature_2183,0.0,0.0,abs_coefficient
feature_2182,0.0,0.0,abs_coefficient
feature_2181,0.0,0.0,abs_coefficient
feature_2180,0.0,0.0,abs_coefficient
feature_2179,0.0,0.0,abs_coefficient
feature_2178,0.0,0.0,abs_coefficient
feature_2163,0.0,0.0,abs_coefficient
feature_2176,0.0,0.0,abs_coefficient
feature_2175,0.0,0.0,abs_coefficient
feature_2174,0.0,0.0,abs_coefficient
feature_2173,0.0,0.0,abs_coefficient
feature_2172,0.0,0.0,abs_coefficient
feature_2171,0.0,0.0,abs_coefficient
feature_2170,0.0,0.0,abs_coefficient
feature_2169,0.0,0.0,abs_coefficient
feature_2168,0.0,0.0,abs_coefficient
feature_2167,0.0,0.0,abs_coefficient
feature_2165,0.0,0.0,abs_coefficient
feature_2164,0.0,0.0,abs_coefficient
feature_2177,0.0,0.0,abs_coefficient
feature_2110,0.0,0.0,abs_coefficient
feature_2109,0.0,0.0,abs_coefficient
feature_2108,0.0,0.0,abs_coefficient
feature_2107,0.0,0.0,abs_coefficient
feature_2106,0.0,0.0,abs_coefficient
feature_2105,0.0,0.0,abs_coefficient
feature_2104,0.0,0.0,abs_coefficient
feature_2103,0.0,0.0,abs_coefficient
feature_2102,0.0,0.0,abs_coefficient
feature_2101,0.0,0.0,abs_coefficient
feature_2100,0.0,0.0,abs_coefficient
feature_2138,0.0,0.0,abs_coefficient
feature_2098,0.0,0.0,abs_coefficient
feature_2097,0.0,0.0,abs_coefficient
feature_2096,0.0,0.0,abs_coefficient
feature_2095,0.0,0.0,abs_coefficient
feature_2094,0.0,0.0,abs_coefficient
feature_2093,0.0,0.0,abs_coefficient
feature_2092,0.0,0.0,abs_coefficient
feature_2091,0.0,0.0,abs_coefficient
feature_2090,0.0,0.0,abs_coefficient
feature_2089,0.0,0.0,abs_coefficient
feature_2088,0.0,0.0,abs_coefficient
feature_2087,0.0,0.0,abs_coefficient
feature_2099,0.0,0.0,abs_coefficient
feature_2137,0.0,0.0,abs_coefficient
feature_2136,0.0,0.0,abs_coefficient
feature_2135,0.0,0.0,abs_coefficient
feature_2134,0.0,0.0,abs_coefficient
feature_2133,0.0,0.0,abs_coefficient
feature_2132,0.0,0.0,abs_coefficient
feature_2131,0.0,0.0,abs_coefficient
feature_2130,0.0,0.0,abs_coefficient
feature_2129,0.0,0.0,abs_coefficient
feature_2128,0.0,0.0,abs_coefficient
feature_2127,0.0,0.0,abs_coefficient
feature_2126,0.0,0.0,abs_coefficient
feature_2111,0.0,0.0,abs_coefficient
feature_2124,0.0,0.0,abs_coefficient
feature_2123,0.0,0.0,abs_coefficient
feature_2122,0.0,0.0,abs_coefficient
feature_2121,0.0,0.0,abs_coefficient
feature_2120,0.0,0.0,abs_coefficient
feature_2119,0.0,0.0,abs_coefficient
feature_2118,0.0,0.0,abs_coefficient
feature_2117,0.0,0.0,abs_coefficient
feature_2115,0.0,0.0,abs_coefficient
feature_2114,0.0,0.0,abs_coefficient
feature_2113,0.0,0.0,abs_coefficient
feature_2112,0.0,0.0,abs_coefficient
feature_2125,0.0,0.0,abs_coefficient
feature_2268,0.0,0.0,abs_coefficient
feature_2267,0.0,0.0,abs_coefficient
feature_2266,0.0,0.0,abs_coefficient
feature_2265,0.0,0.0,abs_coefficient
feature_2264,0.0,0.0,abs_coefficient
feature_2263,0.0,0.0,abs_coefficient
feature_2262,0.0,0.0,abs_coefficient
feature_2261,0.0,0.0,abs_coefficient
feature_2260,0.0,0.0,abs_coefficient
feature_2259,0.0,0.0,abs_coefficient
feature_2258,0.0,0.0,abs_coefficient
feature_2190,0.0,0.0,abs_coefficient
feature_2256,0.0,0.0,abs_coefficient
feature_2255,0.0,0.0,abs_coefficient
feature_2254,0.0,0.0,abs_coefficient
feature_2253,0.0,0.0,abs_coefficient
feature_2252,0.0,0.0,abs_coefficient
feature_2251,0.0,0.0,abs_coefficient
feature_2250,0.0,0.0,abs_coefficient
feature_2249,0.0,0.0,abs_coefficient
feature_2248,0.0,0.0,abs_coefficient
feature_2247,0.0,0.0,abs_coefficient
feature_2246,0.0,0.0,abs_coefficient
feature_2244,0.0,0.0,abs_coefficient
feature_2257,0.0,0.0,abs_coefficient
feature_2294,0.0,0.0,abs_coefficient
feature_2293,0.0,0.0,abs_coefficient
feature_2292,0.0,0.0,abs_coefficient
feature_2291,0.0,0.0,abs_coefficient
feature_2290,0.0,0.0,abs_coefficient
feature_2289,0.0,0.0,abs_coefficient
feature_2288,0.0,0.0,abs_coefficient
feature_2287,0.0,0.0,abs_coefficient
feature_2286,0.0,0.0,abs_coefficient
feature_2285,0.0,0.0,abs_coefficient
feature_2284,0.0,0.0,abs_coefficient
feature_2283,0.0,0.0,abs_coefficient
feature_2269,0.0,0.0,abs_coefficient
feature_2281,0.0,0.0,abs_coefficient
feature_2280,0.0,0.0,abs_coefficient
feature_2279,0.0,0.0,abs_coefficient
feature_2278,0.0,0.0,abs_coefficient
feature_2277,0.0,0.0,abs_coefficient
feature_2276,0.0,0.0,abs_coefficient
feature_2275,0.0,0.0,abs_coefficient
feature_2274,0.0,0.0,abs_coefficient
feature_2273,0.0,0.0,abs_coefficient
feature_2272,0.0,0.0,abs_coefficient
feature_2271,0.0,0.0,abs_coefficient
feature_2270,0.0,0.0,abs_coefficient
feature_2282,0.0,0.0,abs_coefficient
feature_2214,0.0,0.0,abs_coefficient
feature_2213,0.0,0.0,abs_coefficient
feature_2212,0.0,0.0,abs_coefficient
feature_2211,0.0,0.0,abs_coefficient
feature_2210,0.0,0.0,abs_coefficient
feature_2209,0.0,0.0,abs_coefficient
feature_2208,0.0,0.0,abs_coefficient
feature_2207,0.0,0.0,abs_coefficient
feature_2206,0.0,0.0,abs_coefficient
feature_2205,0.0,0.0,abs_coefficient
feature_2204,0.0,0.0,abs_coefficient
feature_2243,0.0,0.0,abs_coefficient
feature_2202,0.0,0.0,abs_coefficient
feature_2201,0.0,0.0,abs_coefficient
feature_2200,0.0,0.0,abs_coefficient
feature_2199,0.0,0.0,abs_coefficient
feature_2198,0.0,0.0,abs_coefficient
feature_2197,0.0,0.0,abs_coefficient
feature_2196,0.0,0.0,abs_coefficient
feature_2195,0.0,0.0,abs_coefficient
feature_2194,0.0,0.0,abs_coefficient
feature_2193,0.0,0.0,abs_coefficient
feature_2192,0.0,0.0,abs_coefficient
feature_2191,0.0,0.0,abs_coefficient
feature_2203,0.0,0.0,abs_coefficient
feature_2242,0.0,0.0,abs_coefficient
feature_2241,0.0,0.0,abs_coefficient
feature_2240,0.0,0.0,abs_coefficient
feature_2239,0.0,0.0,abs_coefficient
feature_2238,0.0,0.0,abs_coefficient
feature_2237,0.0,0.0,abs_coefficient
feature_2236,0.0,0.0,abs_coefficient
feature_2235,0.0,0.0,abs_coefficient
feature_2234,0.0,0.0,abs_coefficient
feature_2233,0.0,0.0,abs_coefficient
feature_2232,0.0,0.0,abs_coefficient
feature_2231,0.0,0.0,abs_coefficient
feature_2215,0.0,0.0,abs_coefficient
feature_2229,0.0,0.0,abs_coefficient
feature_2228,0.0,0.0,abs_coefficient
feature_2227,0.0,0.0,abs_coefficient
feature_2226,0.0,0.0,abs_coefficient
feature_2224,0.0,0.0,abs_coefficient
feature_2223,0.0,0.0,abs_coefficient
feature_2222,0.0,0.0,abs_coefficient
feature_2220,0.0,0.0,abs_coefficient
feature_2219,0.0,0.0,abs_coefficient
feature_2218,0.0,0.0,abs_coefficient
feature_2217,0.0,0.0,abs_coefficient
feature_2216,0.0,0.0,abs_coefficient
feature_2230,0.0,0.0,abs_coefficient
